student_id,risk_probability,distance_drift,current_profile
200307700011,0.996,-0.061,自律
pjvyzvfj974,1.0,0.078,自律
pjvyzvfj977,0.93,-0.048,自律
pjvyzvfj989,0.93,0.007,自律
pjvyzvfj994,1.0,0.118,自律
pjvyzvfj998,1.0,-0.057,自律
pjvyzxbj993,0.964,-0.118,自律
pjvyzxbj995,0.959,-0.038,自律
pjvyzxbj997,0.967,0.006,自律
pjvyzxbj998,0.954,-0.034,自律
pjwqzwbj998,1.0,0.045,自律
pjwrqxbj882,1.0,0.141,自律
pjwrqxbj884,1.0,0.088,自律
pjwrqxbj890,1.0,0.066,自律
pjwrqxbj898,0.937,-0.057,自律
pjwrqxbj901,0.991,0.028,自律
pjwrqxbj905,0.935,-0.15,自律
pjwrqxbj911,0.945,-0.031,自律
pjwrqxbj913,0.935,-0.102,自律
pjwrqxbj916,1.0,0.106,自律
pjwrqxbj918,1.0,0.151,自律
pjwrqxbj919,1.0,0.066,自律
pjwrqxbj920,1.0,0.141,自律
pjwrqxbj923,0.943,-0.027,自律
pjwrqxbj924,0.936,-0.07,自律
pjwrqxbj925,0.936,-0.084,自律
pjwrqxbj926,1.0,0.059,自律
pjwrqxbj929,1.0,0.074,自律
pjwrqxbj932,0.954,0.028,自律
pjwrqxbj935,0.886,-0.098,自律
pjwrqxbj938,0.955,0.032,自律
pjwrqxbj944,0.891,-0.098,自律
pjwrqxbj945,0.888,-0.116,自律
pjwrqxbj948,0.887,-0.021,自律
pjwrqxbj949,0.888,-0.048,自律
pjwrqxbj951,1.0,0.113,自律
pjwrqxbj952,0.882,-0.013,自律
pjwrqxbj955,1.0,0.059,自律
pjwrqxbj956,1.0,0.091,自律
pjwrqxbj965,0.895,-0.097,自律
pjwrqxbj967,0.895,-0.064,自律
pjwrqxbj973,0.915,-0.126,自律
pjwrqxbj974,1.0,0.081,自律
pjwrqxbj977,1.0,0.103,自律
pjwrqxbj978,0.888,-0.0,自律
pjwrqxbj979,0.898,-0.006,自律
pjwrqxbj980,0.897,-0.127,自律
pjwrqxbj983,0.898,-0.037,自律
pjwrqxbj984,0.892,-0.064,自律
pjwrqxbj985,1.0,0.148,自律
pjwrqxbj988,0.896,-0.032,自律
pjwrqxbj991,0.895,-0.147,自律
pjwrqxbj992,0.892,-0.078,自律
pjwrqxbj993,0.937,0.024,自律
pjwrqxbj994,0.883,-0.063,自律
pjwrqxbj998,1.0,0.069,自律
pjwrzxbj996,0.878,-0.075,自律
pjwtqxbj913,1.0,0.056,自律
pjwtqxbj914,0.931,-0.078,自律
pjwtqxbj918,0.875,-0.052,自律
pjwtqxbj920,0.883,-0.064,自律
pjwtqxbj921,0.975,0.044,自律
pjwtqxbj922,1.0,0.101,自律
pjwtqxbj925,0.886,-0.108,自律
pjwtqxbj928,0.882,-0.133,自律
pjwtqxbj929,0.885,-0.011,自律
pjwtqxbj930,0.975,0.049,自律
pjwtqxbj931,0.885,-0.073,自律
pjwtqxbj932,0.858,0.052,自律
pjwtqxbj933,0.932,0.023,自律
pjwtqxbj935,0.886,-0.107,自律
pjwtqxbj939,0.894,0.067,自律
pjwtqxbj941,0.934,-0.045,自律
pjwtqxbj942,1.0,0.107,自律
pjwtqxbj943,1.0,0.118,自律
pjwtqxbj944,0.851,-0.059,自律
pjwtqxbj946,0.967,0.02,自律
pjwtqxbj947,0.986,0.099,自律
pjwtqxbj950,0.95,0.076,自律
pjwtqxbj952,0.855,0.006,自律
pjwtqxbj953,1.0,0.115,自律
pjwtqxbj954,0.821,-0.046,稳健
pjwtqxbj957,0.852,-0.006,自律
pjwtqxbj959,0.795,-0.112,自律
pjwtqxbj960,0.835,0.019,自律
pjwtqxbj965,0.932,-0.031,自律
pjwtqxbj967,0.848,-0.082,自律
pjwtqxbj968,0.917,0.038,自律
pjwtqxbj969,0.946,0.011,自律
pjwtqxbj971,1.0,0.096,自律
pjwtqxbj972,0.925,-0.051,自律
pjwtqxbj974,0.855,-0.111,自律
pjwtqxbj976,0.795,-0.036,自律
pjwtqxbj977,0.961,0.059,自律
pjwtqxbj979,1.0,0.095,自律
pjwtqxbj982,0.825,-0.13,自律
pjwtqxbj983,0.835,-0.006,自律
pjwtqxbj984,1.0,0.112,自律
pjwtqxbj985,0.833,-0.108,自律
pjwtqxbj987,0.909,0.037,自律
pjwtqxbj988,0.831,-0.137,自律
pjwtqxbj993,0.871,0.017,自律
pjwtqxbj998,0.837,-0.059,自律
pjwtzxbj996,0.985,0.112,自律
pjwuzxbj992,0.922,-0.044,自律
pjwuzxbj995,0.857,0.052,自律
pjxpqxbj911,1.0,0.098,自律
pjxpqxbj912,0.833,-0.044,自律
pjxpqxbj914,0.831,-0.051,自律
pjxpqxbj915,0.919,-0.145,自律
pjxpqxbj916,0.923,-0.095,自律
pjxpqxbj918,0.746,-0.069,自律
pjxpqxbj919,1.0,0.109,自律
pjxpqxbj920,0.805,-0.124,自律
pjxpqxbj924,1.0,0.109,自律
pjxpqxbj925,0.969,0.088,自律
pjxpqxbj926,1.0,0.089,自律
pjxpqxbj927,0.875,0.017,自律
pjxpqxbj930,0.8,-0.038,自律
pjxpqxbj932,0.792,-0.089,自律
pjxpqxbj933,0.928,-0.068,自律
pjxpqxbj934,0.966,0.057,自律
pjxpqxbj937,0.926,-0.051,自律
pjxpqxbj941,1.0,0.084,自律
pjxpqxbj944,0.927,-0.113,自律
pjxpqxbj945,0.928,-0.016,自律
pjxpqxbj946,0.798,-0.006,自律
pjxpqxbj954,0.844,-0.089,自律
pjxpqxbj955,1.0,0.071,自律
pjxpqxbj956,0.853,-0.025,自律
pjxpqxbj957,0.837,0.023,自律
pjxpqxbj961,0.755,-0.119,自律
pjxpqxbj962,0.986,0.079,自律
pjxpqxbj963,0.841,-0.006,自律
pjxpqxbj967,0.96,0.019,自律
pjxpqxbj969,1.0,0.109,自律
pjxpqxbj971,0.747,-0.045,自律
pjxpqxbj972,0.99,0.038,自律
pjxpqxbj973,1.0,0.102,自律
pjxpqxbj975,0.931,0.044,稳健
pjxpqxbj976,0.963,0.05,自律
pjxpqxbj977,0.937,-0.153,自律
pjxpqxbj978,0.881,-0.11,自律
pjxpqxbj979,0.938,0.001,自律
pjxpqxbj981,0.95,0.042,自律
pjxpqxbj985,0.865,-0.122,自律
pjxpqxbj986,0.14,-0.022,精英
pjxpqxbj987,0.881,-0.006,自律
pjxpqxbj992,0.896,-0.077,自律
pjxpqxbj994,0.945,-0.082,自律
pjxpqxbj997,0.953,-0.056,自律
pjxpqxbj998,0.195,-0.008,精英
pjxqqxbj947,1.0,0.134,自律
pjxqqxbj949,0.946,-0.038,自律
pjxqqxbj951,0.918,-0.021,自律
pjxqqxbj954,0.915,-0.033,自律
pjxqqxbj957,0.939,-0.13,自律
pjxqqxbj959,0.945,-0.154,自律
pjxqqxbj961,1.0,0.086,自律
pjxqqxbj964,1.0,0.058,自律
pjxqqxbj967,1.0,0.132,自律
pjxqqxbj969,1.0,0.094,稳健
pjxqqxbj970,0.92,-0.022,自律
pjxqqxbj973,0.915,-0.012,自律
pjxqqxbj974,0.943,-0.037,自律
pjxqqxbj975,0.962,0.024,自律
pjxqqxbj977,0.622,0.043,规范
pjxqqxbj979,0.823,0.088,规范
pjxqqxbj981,0.537,-0.075,规范
pjxqqxbj982,0.928,-0.078,自律
pjxqqxbj983,0.702,0.07,规范
pjxqqxbj985,1.0,0.036,自律
pjxqqxbj986,0.743,0.091,规范
pjxqqxbj988,0.533,-0.049,规范
pjxqqxbj989,0.588,0.013,规范
pjxqqxbj991,1.0,0.091,稳健
pjxqqxbj996,0.531,-0.068,规范
pjxqqxbj997,0.195,-0.009,精英
pjxqqxbj998,0.079,0.005,精英
pjxqzxbj967,0.683,-0.086,规范
pjxqzxbj971,0.928,-0.128,自律
pjxqzxbj973,0.61,-0.04,规范
pjxqzxbj975,0.939,-0.096,自律
pjxqzxbj979,0.919,-0.062,自律
pjxqzxbj980,0.921,-0.104,自律
pjxqzxbj982,0.947,-0.11,自律
pjxqzxbj983,0.947,-0.15,自律
pjxqzxbj984,1.0,0.144,自律
pjxqzxbj985,0.941,-0.064,自律
pjxqzxbj989,0.917,-0.114,自律
pjxqzxbj994,1.0,0.082,稳健
pjxqzxbj995,0.916,-0.14,自律
pjxqzxbj996,0.939,-0.117,自律
pjxqzxbj997,0.01,-0.004,精英
pjxrqxbj891,0.948,0.029,稳健
pjxrqxbj892,0.939,-0.01,自律
pjxrqxbj894,0.913,-0.051,自律
pjxrqxbj898,0.899,-0.018,稳健
pjxrqxbj901,0.894,-0.07,稳健
pjxrqxbj903,1.0,0.08,自律
pjxrqxbj905,0.933,-0.142,自律
pjxrqxbj908,0.797,-0.121,稳健
pjxrqxbj909,0.754,0.09,规范
pjxrqxbj911,0.586,-0.097,规范
pjxrqxbj914,0.928,-0.016,自律
pjxrqxbj916,0.602,0.015,规范
pjxrqxbj918,0.828,-0.102,稳健
pjxrqxbj919,0.832,-0.12,稳健
pjxrqxbj928,0.561,-0.093,规范
pjxrqxbj930,0.887,0.023,稳健
pjxrqxbj937,0.83,-0.03,稳健
pjxrqxbj939,0.574,-0.059,规范
pjxrqxbj942,0.574,-0.009,规范
pjxrqxbj943,1.0,0.117,自律
pjxrqxbj944,0.596,0.003,规范
pjxrqxbj945,0.591,-0.005,规范
pjxrqxbj947,0.923,-0.11,自律
pjxrqxbj951,0.918,-0.089,自律
pjxrqxbj952,0.918,-0.108,自律
pjxrqxbj954,0.925,-0.077,自律
pjxrqxbj955,0.939,-0.131,自律
pjxrqxbj957,0.939,-0.058,自律
pjxrqxbj958,0.92,-0.035,自律
pjxrqxbj961,0.919,-0.07,自律
pjxrqxbj962,1.0,0.148,自律
pjxrqxbj963,0.943,-0.141,自律
pjxrqxbj969,0.994,0.035,自律
pjxrqxbj971,0.921,-0.087,自律
pjxrqxbj972,1.0,0.111,自律
pjxrqxbj973,0.94,-0.093,自律
pjxrqxbj978,0.917,-0.083,自律
pjxrqxbj981,0.955,-0.031,自律
pjxrqxbj983,0.934,-0.114,自律
pjxrqxbj988,1.0,0.085,自律
pjxrqxbj990,0.941,-0.011,自律
pjxrqxbj992,0.106,0.012,精英
pjxrqxbj994,0.267,0.029,精英
pjxrqxbj996,1.0,0.152,自律
pjxsqxbj751,0.759,0.026,规范
pjxsqxbj752,0.668,-0.029,规范
pjxsqxbj758,0.863,0.093,规范
pjxsqxbj760,0.897,0.108,规范
pjxsqxbj764,0.799,0.056,规范
pjxsqxbj765,0.603,-0.074,规范
pjxsqxbj768,0.682,-0.086,规范
pjxsqxbj771,1.0,0.136,自律
pjxsqxbj772,0.729,-0.01,规范
pjxsqxbj774,0.726,0.06,规范
pjxsqxbj777,0.682,-0.111,规范
pjxsqxbj778,0.807,0.099,规范
pjxsqxbj779,0.338,-0.036,精英
pjxsqxbj780,0.955,-0.153,自律
pjxsqxbj784,0.951,-0.086,自律
pjxsqxbj786,0.936,-0.027,自律
pjxsqxbj787,1.0,0.061,自律
pjxsqxbj788,1.0,0.06,自律
pjxsqxbj789,0.956,-0.02,自律
pjxsqxbj790,1.0,0.072,自律
pjxsqxbj792,0.976,-0.062,自律
pjxsqxbj796,1.0,0.147,自律
pjxsqxbj800,1.0,0.149,自律
pjxsqxbj801,1.0,0.137,自律
pjxsqxbj807,0.935,-0.106,自律
pjxsqxbj808,0.961,-0.015,自律
pjxsqxbj809,1.0,0.058,自律
pjxsqxbj810,0.927,-0.112,自律
pjxsqxbj811,0.915,-0.119,稳健
pjxsqxbj812,0.956,-0.046,自律
pjxsqxbj815,1.0,0.083,稳健
pjxsqxbj816,0.842,-0.062,稳健
pjxsqxbj820,0.607,-0.009,规范
pjxsqxbj821,0.662,0.034,规范
pjxsqxbj823,0.843,-0.003,稳健
pjxsqxbj824,0.836,-0.048,稳健
pjxsqxbj825,0.621,-0.004,规范
pjxsqxbj826,0.685,-0.014,规范
pjxsqxbj827,1.0,0.131,稳健
pjxsqxbj829,0.93,-0.116,自律
pjxsqxbj831,0.736,-0.11,规范
pjxsqxbj834,1.0,0.155,自律
pjxsqxbj840,0.591,-0.022,规范
pjxsqxbj843,0.867,0.094,规范
pjxsqxbj844,0.619,0.007,规范
pjxsqxbj849,0.666,-0.048,规范
pjxsqxbj851,0.895,-0.013,稳健
pjxsqxbj856,0.943,0.007,自律
pjxsqxbj857,1.0,0.132,自律
pjxsqxbj859,0.929,-0.003,自律
pjxsqxbj862,1.0,0.069,自律
pjxsqxbj863,0.93,-0.1,自律
pjxsqxbj864,1.0,0.151,自律
pjxsqxbj867,1.0,0.063,稳健
pjxsqxbj871,1.0,0.046,稳健
pjxsqxbj872,0.91,-0.032,稳健
pjxsqxbj873,0.951,-0.062,自律
pjxsqxbj874,0.951,-0.018,自律
pjxsqxbj876,0.945,-0.064,自律
pjxsqxbj877,0.955,-0.134,自律
pjxsqxbj880,0.922,-0.079,自律
pjxsqxbj881,1.0,0.12,自律
pjxsqxbj882,1.0,0.103,自律
pjxsqxbj884,0.633,0.011,规范
pjxsqxbj885,0.602,-0.089,规范
pjxsqxbj886,0.615,-0.071,规范
pjxsqxbj887,0.598,-0.021,规范
pjxsqxbj888,0.686,0.044,规范
pjxsqxbj892,0.614,-0.028,规范
pjxsqxbj893,0.887,0.1,规范
pjxsqxbj894,0.616,-0.059,规范
pjxsqxbj897,0.901,0.095,规范
pjxsqxbj899,0.609,-0.102,规范
pjxsqxbj900,0.821,0.067,规范
pjxsqxbj904,0.681,-0.072,规范
pjxsqxbj905,0.93,-0.151,自律
pjxsqxbj906,0.927,-0.123,自律
pjxsqxbj908,0.799,0.065,规范
pjxsqxbj909,0.93,-0.045,自律
pjxsqxbj912,1.0,0.053,自律
pjxsqxbj916,1.0,0.058,自律
pjxsqxbj918,0.974,-0.083,自律
pjxsqxbj920,1.0,0.091,自律
pjxsqxbj921,0.993,0.007,自律
pjxsqxbj922,1.0,0.04,自律
pjxsqxbj925,1.0,0.146,自律
pjxsqxbj927,1.0,0.073,自律
pjxsqxbj929,0.927,-0.063,自律
pjxsqxbj932,1.0,0.155,自律
pjxsqxbj934,1.0,0.138,自律
pjxsqxbj936,1.0,0.098,自律
pjxsqxbj938,1.0,0.087,自律
pjxsqxbj939,0.952,-0.122,自律
pjxsqxbj940,0.976,0.014,自律
pjxsqxbj941,0.925,-0.014,自律
pjxsqxbj942,0.022,0.007,精英
pjxsqxbj944,0.936,0.004,自律
pjxsqxbj946,0.612,-0.039,规范
pjxsqxbj949,0.683,0.038,规范
pjxsqxbj953,1.0,0.1,自律
pjxsqxbj954,0.717,0.047,规范
pjxsqxbj957,0.61,-0.06,规范
pjxsqxbj962,0.701,0.018,规范
pjxsqxbj965,0.641,0.014,规范
pjxsqxbj966,0.292,0.04,精英
pjxsqxbj968,0.585,-0.026,规范
pjxsqxbj969,0.425,0.047,精英
pjxsqxbj970,0.613,-0.07,规范
pjxsqxbj971,0.93,-0.018,自律
pjxsqxbj976,0.864,0.101,规范
pjxsqxbj980,1.0,0.08,自律
pjxsqxbj981,1.0,0.105,自律
pjxsqxbj982,1.0,0.09,自律
pjxsqxbj983,0.916,-0.132,自律
pjxsqxbj984,0.923,-0.012,自律
pjxsqxbj985,0.947,-0.025,自律
pjxsqxbj986,1.0,0.152,自律
pjxsqxbj989,0.939,-0.077,自律
pjxsqxbj994,0.916,-0.048,自律
pjxsqxbj995,0.975,0.012,自律
pjxsqxbj996,1.0,0.148,自律
pjxsqxbj997,0.183,0.019,精英
pjxsqxbj998,1.0,0.024,自律
pjxtztbj985,1.0,0.093,自律
pjxtztbj986,0.935,-0.076,自律
pjxtztbj987,0.923,-0.149,自律
pjxtztbj989,1.0,0.094,稳健
pjxtztbj990,0.628,-0.017,规范
pjxtztbj996,0.892,0.091,规范
pjxtztbj997,0.998,0.035,自律
pjxtztbj998,0.628,-0.066,规范
pjxtzxbj997,0.814,0.058,规范
pjxtzxfj978,0.387,-0.061,精英
pjxtzxfj980,0.699,0.068,规范
pjxtzxfj981,0.382,-0.007,精英
pjxtzxfj982,0.556,-0.042,规范
pjxtzxfj983,0.502,0.066,精英
pjxtzxfj986,0.388,0.009,精英
pjxtzxfj994,0.292,0.038,精英
pjxuqwbj443,0.208,0.001,精英
pjxuqwbj445,0.947,0.013,自律
pjxuqwbj446,1.0,0.091,稳健
pjxuqwbj449,0.912,-0.032,稳健
pjxuqwbj450,1.0,0.11,自律
pjxuqwbj454,0.902,-0.115,稳健
pjxuqwbj460,0.927,-0.136,自律
pjxuqwbj461,1.0,0.051,稳健
pjxuqwbj463,0.911,-0.116,稳健
pjxuqwbj468,0.926,-0.045,自律
pjxuqwbj470,0.947,-0.04,自律
pjxuqwbj472,1.0,0.146,稳健
pjxuqwbj473,0.926,0.015,稳健
pjxuqwbj474,1.0,0.156,自律
pjxuqwbj476,1.0,0.093,稳健
pjxuqwbj477,0.958,0.016,自律
pjxuqwbj478,0.909,-0.112,自律
pjxuqwbj479,0.928,-0.014,自律
pjxuqwbj483,0.929,-0.063,自律
pjxuqwbj485,0.061,-0.01,精英
pjxuqwbj488,0.128,-0.02,精英
pjxuqwbj489,0.929,-0.083,自律
pjxuqwbj490,0.94,0.091,规范
pjxuqwbj491,1.0,0.108,稳健
pjxuqwbj492,0.934,-0.079,自律
pjxuqwbj495,0.06,-0.01,精英
pjxuqwbj496,0.839,-0.12,稳健
pjxuqwbj497,0.708,-0.034,规范
pjxuqwbj498,0.839,-0.014,稳健
pjxuqwbj499,1.0,0.135,稳健
pjxuqwbj500,0.939,-0.009,自律
pjxuqwbj503,1.0,0.039,自律
pjxuqwbj505,1.0,0.053,自律
pjxuqwbj507,0.925,-0.052,自律
pjxuqwbj508,0.926,-0.021,自律
pjxuqwbj511,0.9,-0.113,自律
pjxuqwbj512,1.0,0.105,自律
pjxuqwbj515,0.918,-0.093,稳健
pjxuqwbj516,1.0,0.077,自律
pjxuqwbj517,1.0,0.14,自律
pjxuqwbj519,0.922,-0.038,自律
pjxuqwbj525,1.0,0.111,自律
pjxuqwbj526,0.908,-0.042,稳健
pjxuqwbj527,0.926,-0.118,自律
pjxuqwbj528,1.0,0.042,自律
pjxuqwbj529,0.096,0.016,精英
pjxuqwbj535,0.071,0.004,精英
pjxuqwbj536,0.839,-0.139,稳健
pjxuqwbj537,0.981,0.024,自律
pjxuqwbj538,0.701,0.028,规范
pjxuqwbj539,1.0,0.095,稳健
pjxuqwbj540,0.088,0.014,精英
pjxuqwbj545,0.858,-0.02,稳健
pjxuqwbj546,0.933,-0.095,自律
pjxuqwbj547,0.838,0.006,稳健
pjxuqwbj551,0.974,0.022,自律
pjxuqwbj552,0.848,-0.118,稳健
pjxuqwbj558,0.979,-0.14,自律
pjxuqwbj559,0.894,-0.039,稳健
pjxuqwbj562,0.924,-0.037,自律
pjxuqwbj564,1.0,0.119,稳健
pjxuqwbj565,1.0,0.069,稳健
pjxuqwbj566,1.0,0.109,自律
pjxuqwbj568,0.963,0.035,稳健
pjxuqwbj571,0.977,0.038,稳健
pjxuqwbj572,1.0,0.052,稳健
pjxuqwbj573,0.939,-0.029,自律
pjxuqwbj574,0.926,-0.097,自律
pjxuqwbj580,1.0,0.081,稳健
pjxuqwbj581,1.0,0.14,稳健
pjxuqwbj582,1.0,0.056,自律
pjxuqwbj583,0.937,0.096,规范
pjxuqwbj584,0.829,-0.082,稳健
pjxuqwbj585,1.0,0.085,自律
pjxuqwbj586,0.643,-0.077,规范
pjxuqwbj588,1.0,0.044,自律
pjxuqwbj589,0.078,0.007,精英
pjxuqwbj591,0.93,-0.128,自律
pjxuqwbj593,0.068,-0.017,精英
pjxuqwbj594,0.21,-0.031,精英
pjxuqwbj600,0.736,0.056,规范
pjxuqwbj605,0.951,-0.059,自律
pjxuqwbj606,1.0,0.123,自律
pjxuqwbj608,0.925,-0.105,自律
pjxuqwbj609,0.962,0.018,自律
pjxuqwbj610,0.94,-0.124,自律
pjxuqwbj615,0.996,0.053,稳健
pjxuqwbj618,0.983,0.028,自律
pjxuqwbj619,1.0,0.099,自律
pjxuqwbj621,0.995,0.027,自律
pjxuqwbj622,0.925,-0.077,自律
pjxuqwbj624,0.897,-0.148,稳健
pjxuqwbj631,0.99,0.006,自律
pjxuqwbj632,1.0,0.153,自律
pjxuqwbj633,0.077,-0.009,精英
pjxuqwbj634,0.835,-0.003,稳健
pjxuqwbj637,0.078,0.008,精英
pjxuqwbj638,0.068,-0.017,精英
pjxuqwbj639,0.072,0.002,精英
pjxuqwbj641,0.626,-0.099,规范
pjxuqwbj642,0.829,-0.022,稳健
pjxuqwbj643,0.826,-0.009,稳健
pjxuqwbj644,0.933,-0.073,自律
pjxuqwbj647,0.894,-0.124,稳健
pjxuqwbj648,0.949,0.025,稳健
pjxuqwbj650,0.899,-0.047,稳健
pjxuqwbj651,0.946,-0.038,自律
pjxuqwbj654,0.926,-0.098,自律
pjxuqwbj655,0.929,0.003,自律
pjxuqwbj658,0.954,-0.123,自律
pjxuqwbj659,0.926,-0.044,自律
pjxuqwbj661,1.0,0.096,自律
pjxuqwbj663,1.0,0.099,自律
pjxuqwbj665,0.97,-0.125,自律
pjxuqwbj666,0.946,0.001,自律
pjxuqwbj673,1.0,0.083,稳健
pjxuqwbj674,0.805,-0.112,稳健
pjxuqwbj676,0.063,-0.015,精英
pjxuqwbj677,1.0,0.132,稳健
pjxuqwbj678,0.843,-0.03,稳健
pjxuqwbj679,1.0,0.107,稳健
pjxuqwbj686,0.621,-0.064,规范
pjxuqwbj687,0.145,0.006,精英
pjxuqwbj691,0.858,0.005,稳健
pjxuqwbj692,0.129,0.003,精英
pjxuqwbj694,0.933,-0.1,自律
pjxuqwbj695,1.0,0.029,自律
pjxuqwbj698,0.94,-0.142,自律
pjxuqwbj699,0.925,-0.076,自律
pjxuqwbj701,1.0,0.026,自律
pjxuqwbj705,1.0,0.065,稳健
pjxuqwbj708,1.0,0.063,稳健
pjxuqwbj711,0.944,-0.109,自律
pjxuqwbj712,1.0,0.041,自律
pjxuqwbj713,1.0,0.093,自律
pjxuqwbj714,1.0,0.132,自律
pjxuqwbj715,0.943,-0.087,自律
pjxuqwbj717,0.06,-0.001,精英
pjxuqwbj719,0.143,-0.016,精英
pjxuqwbj721,0.826,-0.111,稳健
pjxuqwbj723,0.838,-0.095,稳健
pjxuqwbj724,0.063,-0.012,精英
pjxuqwbj726,0.632,-0.052,规范
pjxuqwbj731,0.644,-0.086,规范
pjxuqwbj733,0.832,-0.017,稳健
pjxuqwbj734,0.081,0.011,精英
pjxuqwbj735,1.0,0.143,稳健
pjxuqwbj738,1.0,0.044,自律
pjxuqwbj739,0.924,-0.125,自律
pjxuqwbj745,0.926,-0.123,自律
pjxuqwbj748,0.922,-0.152,自律
pjxuqwbj750,0.984,-0.076,自律
pjxuqwbj751,1.0,0.125,自律
pjxuqwbj755,1.0,0.083,稳健
pjxuqwbj757,0.949,-0.006,自律
pjxuqwbj758,0.924,-0.042,自律
pjxuqwbj760,0.243,0.017,精英
pjxuqwbj761,0.825,-0.096,稳健
pjxuqwbj763,0.064,-0.008,精英
pjxuqwbj766,0.635,-0.096,规范
pjxuqwbj767,0.929,-0.136,自律
pjxuqwbj770,0.929,-0.029,自律
pjxuqwbj772,0.104,0.018,精英
pjxuqwbj773,0.208,-0.038,精英
pjxuqwbj774,0.629,-0.039,规范
pjxuqwbj778,0.941,-0.04,自律
pjxuqwbj781,1.0,0.066,自律
pjxuqwbj783,0.959,0.008,自律
pjxuqwbj784,1.0,0.131,自律
pjxuqwbj785,0.9,-0.074,稳健
pjxuqwbj786,0.98,-0.125,自律
pjxuqwbj787,0.923,-0.035,自律
pjxuqwbj788,1.0,0.082,稳健
pjxuqwbj796,0.94,-0.137,自律
pjxuqwbj797,0.925,-0.101,自律
pjxuqwbj799,0.361,0.01,精英
pjxuqwbj800,1.0,0.039,自律
pjxuqwbj803,0.206,-0.008,精英
pjxuqwbj804,0.642,-0.082,规范
pjxuqwbj805,0.992,0.03,自律
pjxuqwbj806,0.067,0.003,精英
pjxuqwbj811,0.847,-0.038,稳健
pjxuqwbj812,0.158,0.005,精英
pjxuqwbj814,1.0,0.088,自律
pjxuqwbj818,0.943,-0.153,自律
pjxuqwbj826,0.94,-0.031,自律
pjxuqwbj829,0.9,-0.025,稳健
pjxuqwbj830,0.924,-0.04,自律
pjxuqwbj831,0.897,-0.004,自律
pjxuqwbj833,1.0,0.058,稳健
pjxuqwbj837,0.983,0.022,自律
pjxuqwbj838,0.899,-0.114,稳健
pjxuqwbj839,0.902,0.035,稳健
pjxuqwbj840,0.746,0.028,规范
pjxuqwbj845,0.067,-0.015,精英
pjxuqwbj847,0.647,0.004,规范
pjxuqwbj848,0.919,0.04,稳健
pjxuqwbj850,0.645,-0.043,规范
pjxuqwbj853,0.272,0.032,精英
pjxuqwbj854,1.0,0.151,自律
pjxuqwbj857,1.0,0.067,稳健
pjxuqwbj858,1.0,0.115,稳健
pjxuqwbj861,0.902,-0.121,自律
pjxuqwbj870,0.919,-0.008,自律
pjxuqwbj871,1.0,0.04,自律
pjxuqwbj873,0.919,-0.096,自律
pjxuqwbj876,0.893,-0.024,稳健
pjxuqwbj877,1.0,0.153,自律
pjxuqwbj878,1.0,0.089,自律
pjxuqwbj879,0.934,-0.138,自律
pjxuqwbj881,0.067,-0.016,精英
pjxuqwbj883,0.07,0.002,精英
pjxuqwbj890,0.692,-0.066,规范
pjxuqwbj892,0.98,0.024,自律
pjxuqwbj894,1.0,0.045,自律
pjxuqwbj898,1.0,0.12,自律
pjxuqwbj903,0.839,-0.107,稳健
pjxuqwbj904,0.919,-0.107,自律
pjxuqwbj905,0.919,-0.005,自律
pjxuqwbj906,1.0,0.152,自律
pjxuqwbj914,1.0,0.066,稳健
pjxuqwbj915,0.918,-0.103,自律
pjxuqwbj916,0.947,-0.107,自律
pjxuqwbj917,0.917,-0.087,自律
pjxuqwbj918,1.0,0.087,稳健
pjxuqwbj925,0.813,0.086,规范
pjxuqwbj927,0.842,-0.013,稳健
pjxuqwbj928,0.839,-0.045,稳健
pjxuqwbj930,0.85,-0.006,稳健
pjxuqwbj933,0.703,0.032,规范
pjxuqwbj935,0.855,-0.03,自律
pjxuqwbj937,0.914,0.108,规范
pjxuqwbj944,0.916,0.01,稳健
pjxuqwbj947,0.892,-0.071,稳健
pjxuqwbj950,1.0,0.108,自律
pjxuqwbj952,0.911,-0.009,自律
pjxuqwbj953,0.938,-0.007,自律
pjxuqwbj954,0.908,-0.016,自律
pjxuqwbj955,1.0,0.092,自律
pjxuqwbj956,0.923,-0.035,自律
pjxuqwbj958,1.0,0.133,稳健
pjxuqwbj962,0.063,-0.004,精英
pjxuqwbj967,0.019,-0.001,精英
pjxuqwbj974,0.086,0.01,精英
pjxuqwbj976,0.07,-0.003,精英
pjxuqwbj980,0.782,0.039,规范
pjxuqwbj985,0.093,0.014,精英
pjxuqwbj986,1.0,0.106,自律
pjxuqwbj988,0.937,-0.043,自律
pjxuqwbj992,0.93,-0.117,自律
pjxuqwbj993,1.0,0.113,自律
pjxuqwbj994,0.88,-0.122,自律
pjxuqwbj996,0.876,-0.017,稳健
pjxuzsfj977,0.957,-0.053,自律
pjxuzsfj978,0.959,-0.039,自律
pjxuzsfj980,0.961,-0.036,自律
pjxuzsfj981,0.963,-0.067,自律
pjxuzsfj983,0.524,0.043,精英
pjxuzsfj984,0.518,0.05,精英
pjxuzsfj988,0.763,0.097,自律
pjxuzsfj995,0.571,0.001,自律
pjxuzvbj991,0.234,0.012,精英
pjxuzvbj996,0.858,-0.01,稳健
pjxuzxbj984,0.022,-0.008,精英
pjxuzxbj986,0.958,-0.142,自律
pjxuzxbj987,0.95,-0.094,自律
pjxuzxbj997,0.018,-0.009,精英
pjxvzrfj975,1.0,0.098,自律
pjxvzrfj978,1.0,0.099,自律
pjxvzrfj981,0.939,-0.081,自律
pjxvzrfj997,0.959,0.01,自律
pjxvztfj974,0.939,-0.088,自律
pjxvztfj976,0.205,-0.026,精英
pjxvztfj977,0.236,-0.027,精英
pjxvztfj980,0.272,-0.038,精英
pjxvztfj985,0.202,-0.021,精英
pjxvztfj990,0.209,-0.037,精英
pjxvztfj991,0.242,0.019,精英
pjxvztfj992,0.941,-0.07,自律
pjxvztfj994,0.977,0.003,自律
pjxvzxbj989,0.952,-0.146,自律
pjxvzxbj996,0.941,-0.066,自律
pjxvzxbj997,0.921,-0.149,自律
pjxvzxfj970,0.939,-0.092,自律
pjxvzxfj972,0.934,-0.069,自律
pjxvzxfj980,0.939,-0.049,自律
pjxvzxfj982,0.226,-0.019,精英
pjxvzxfj987,0.313,0.04,精英
pjxvzxfj988,0.245,0.029,精英
pjxvzxfj998,0.239,0.028,精英
pjxwxxbj899,0.621,-0.079,规范
pjxwxxbj905,0.982,0.028,自律
pjxwxxbj907,0.949,-0.089,自律
pjxwxxbj908,0.966,0.02,自律
pjxwxxbj910,1.0,0.143,自律
pjxwxxbj913,0.925,-0.123,自律
pjxwxxbj914,0.983,0.043,稳健
pjxwxxbj915,0.924,-0.018,自律
pjxwxxbj916,0.987,0.029,自律
pjxwxxbj918,0.751,0.065,规范
pjxwxxbj924,0.622,-0.004,规范
pjxwxxbj927,0.672,-0.038,规范
pjxwxxbj928,0.927,-0.131,自律
pjxwxxbj930,0.924,-0.138,自律
pjxwxxbj934,0.897,-0.09,稳健
pjxwxxbj938,1.0,0.058,自律
pjxwxxbj940,1.0,0.106,自律
pjxwxxbj941,0.893,-0.106,自律
pjxwxxbj943,0.627,0.002,规范
pjxwxxbj944,0.942,0.054,稳健
pjxwxxbj945,0.928,-0.108,自律
pjxwxxbj946,0.926,-0.07,自律
pjxwxxbj949,0.925,-0.141,自律
pjxwxxbj951,0.924,-0.141,自律
pjxwxxbj953,1.0,0.065,自律
pjxwxxbj960,1.0,0.057,自律
pjxwxxbj963,0.898,-0.095,自律
pjxwxxbj964,0.623,-0.085,规范
pjxwxxbj967,0.692,0.033,规范
pjxwxxbj970,0.94,-0.058,自律
pjxwxxbj972,0.924,-0.115,自律
pjxwxxbj981,0.939,-0.146,自律
pjxwxxbj983,0.923,-0.118,自律
pjxwxxbj992,0.624,-0.056,规范
pjxwxxbj993,0.744,-0.076,规范
pjxwxxbj995,1.0,0.134,自律
pjxwzxbj985,0.897,-0.082,稳健
pjxwzxbj986,0.924,-0.105,自律
pjxwzxbj987,1.0,0.139,自律
pjxwzxbj988,0.739,0.059,规范
pjxwzxbj989,0.959,0.015,自律
pjxwzxbj990,0.897,-0.09,稳健
pjxwzxbj993,0.954,-0.013,自律
pjxwzxbj996,1.0,0.122,稳健
pjxwzxbj997,0.87,0.021,稳健
pjxwzxbj998,0.924,-0.141,自律
pjxwzxfj975,0.972,-0.037,自律
pjxwzxfj977,0.273,0.031,精英
pjxwzxfj981,0.942,-0.06,自律
pjxwzxfj983,1.0,0.11,自律
pjxwzxfj984,1.0,0.147,自律
pjxwzxfj987,1.0,0.057,自律
pjxwzxfj991,0.942,-0.117,自律
pjxwzxfj992,0.848,-0.105,稳健
pjxwzxfj993,0.94,-0.046,自律
pjxwzxfj994,1.0,0.13,自律
pjxwzxkj985,0.966,0.034,稳健
pjxwzxkj989,0.895,-0.119,稳健
pjxwzxkj991,1.0,0.132,稳健
pjxwzxkj992,1.0,0.096,稳健
pjxwzxkj993,0.898,0.001,稳健
pjxwzxkj996,0.928,-0.085,自律
pjxwzxkj998,0.926,-0.028,自律
pjxxxxbj901,1.0,0.081,自律
pjxxxxbj904,0.928,-0.099,自律
pjxxxxbj907,1.0,0.141,自律
pjxxxxbj908,1.0,0.119,自律
pjxxxxbj910,0.691,-0.017,规范
pjxxxxbj911,0.795,0.097,规范
pjxxxxbj912,0.678,0.038,规范
pjxxxxbj913,0.6,-0.03,规范
pjxxxxbj914,1.0,0.082,自律
pjxxxxbj915,0.639,-0.017,规范
pjxxxxbj916,0.677,0.038,规范
pjxxxxbj917,0.839,-0.026,稳健
pjxxxxbj921,0.835,-0.116,稳健
pjxxxxbj922,0.605,-0.002,规范
pjxxxxbj923,0.93,-0.06,自律
pjxxxxbj930,0.935,-0.11,自律
pjxxxxbj932,0.769,0.057,规范
pjxxxxbj933,0.85,-0.044,稳健
pjxxxxbj937,1.0,0.134,自律
pjxxxxbj941,0.702,-0.0,规范
pjxxxxbj942,0.842,-0.088,稳健
pjxxxxbj943,1.0,0.137,自律
pjxxxxbj944,0.874,0.086,规范
pjxxxxbj945,0.836,0.089,规范
pjxxxxbj953,1.0,0.113,稳健
pjxxxxbj955,0.77,0.055,规范
pjxxxxbj957,0.843,-0.095,稳健
pjxxxxbj958,0.705,-0.016,规范
pjxxxxbj963,0.66,-0.061,规范
pjxxxxbj966,0.842,-0.098,稳健
pjxxxxbj968,0.705,-0.05,规范
pjxxxxbj970,0.662,-0.053,规范
pjxxxxbj975,0.997,0.077,稳健
pjxxxxbj980,0.843,-0.065,稳健
pjxxxxbj981,0.712,0.001,规范
pjxxxxbj986,0.711,-0.088,规范
pjxxxxbj987,0.847,-0.038,稳健
pjxxxxbj988,0.998,0.078,稳健
pjxxxxbj989,0.81,0.069,规范
pjxxxxbj995,1.0,0.08,稳健
pjxxxxbj997,1.0,0.091,稳健
pjxxztbj990,0.021,-0.004,精英
pjxxztbj994,0.025,-0.012,精英
pjxxztbj995,0.141,-0.014,精英
pjxxztbj998,0.172,0.018,精英
pjxxztfj972,1.0,0.083,稳健
pjxxztfj975,0.702,0.066,自律
pjxxztfj982,0.57,-0.039,自律
pjxxztfj986,0.62,0.025,自律
pjxxztfj988,0.57,-0.011,自律
pjxxztfj991,0.632,0.031,自律
pjxxztfj992,0.57,-0.075,自律
pjxxztfj995,0.633,0.032,自律
pjxxztfj997,0.644,0.037,自律
pjxxzxbj995,0.745,0.087,自律
pjxxzxbj998,0.754,-0.095,规范
pjxxzxkj978,0.886,0.047,规范
pjxxzxkj979,0.661,-0.011,规范
pjxxzxkj981,0.663,-0.098,规范
pjxxzxkj983,0.666,-0.044,规范
pjxxzxkj987,0.841,-0.071,稳健
pjxxzxkj990,0.846,-0.034,稳健
pjxxzxkj991,0.667,-0.054,规范
pjxxzxkj995,0.709,0.02,规范
pjxxzxkj997,0.842,-0.071,稳健
pjxxzxkj998,0.816,0.064,规范
pjxyqwbj001,0.658,-0.006,规范
pjxyqwbj002,0.66,-0.11,规范
pjxyqwbj003,0.011,-0.006,精英
pjxyqwbj004,0.848,-0.139,稳健
pjxyqwbj006,0.836,-0.12,稳健
pjxyqwbj007,0.136,-0.022,精英
pjxyqwbj013,0.958,0.056,稳健
pjxyqwbj015,0.665,-0.095,规范
pjxyqwbj016,0.664,-0.108,规范
pjxyqwbj018,0.007,-0.008,精英
pjxyqwbj020,0.851,-0.02,稳健
pjxyqwbj022,0.673,-0.099,规范
pjxyqwbj023,0.135,0.002,精英
pjxyqwbj027,0.811,0.069,规范
pjxyqwbj031,0.009,-0.009,精英
pjxyqwbj033,0.667,-0.075,规范
pjxyqwbj034,0.735,-0.104,规范
pjxyqwbj035,0.875,0.067,规范
pjxyqwbj036,0.855,-0.017,稳健
pjxyqwbj038,0.782,0.061,规范
pjxyqwbj041,0.789,0.062,规范
pjxyqwbj043,0.947,0.053,稳健
pjxyqwbj044,0.914,0.059,规范
pjxyqwbj046,0.793,0.067,规范
pjxyqwbj047,0.06,0.01,精英
pjxyqwbj049,0.823,0.079,规范
pjxyqwbj050,0.796,0.03,规范
pjxyqwbj052,0.138,-0.022,精英
pjxyqwbj053,0.842,-0.079,稳健
pjxyqwbj054,0.851,-0.125,稳健
pjxyqwbj058,0.883,0.021,稳健
pjxyqwbj059,0.793,-0.103,规范
pjxyqwbj061,0.814,0.074,规范
pjxyqwbj062,0.665,-0.022,规范
pjxyqwbj069,1.0,0.132,稳健
pjxyqwbj072,0.842,-0.036,稳健
pjxyqwbj073,0.155,0.012,精英
pjxyqwbj077,1.0,0.127,稳健
pjxyqwbj078,0.845,-0.033,稳健
pjxyqwbj080,0.018,0.006,精英
pjxyqwbj082,0.183,0.021,精英
pjxyqwbj084,0.935,0.047,稳健
pjxyqwbj085,0.812,0.008,规范
pjxyqwbj086,0.913,0.027,稳健
pjxyqwbj087,0.664,-0.027,规范
pjxyqwbj088,0.672,0.003,规范
pjxyqwbj089,0.665,-0.027,规范
pjxyqwbj090,0.14,-0.023,精英
pjxyqwbj092,0.943,0.047,稳健
pjxyqwbj095,0.13,-0.026,精英
pjxyqwbj098,0.143,-0.009,精英
pjxyqwbj100,0.178,0.019,精英
pjxyqwbj101,0.66,-0.105,规范
pjxyqwbj104,0.851,-0.031,稳健
pjxyqwbj108,0.842,-0.029,稳健
pjxyqwbj109,0.834,-0.125,稳健
pjxyqwbj112,1.0,0.133,稳健
pjxyqwbj116,0.809,-0.068,规范
pjxyqwbj117,1.0,0.103,稳健
pjxyqwbj122,0.16,0.011,精英
pjxyqwbj125,0.999,0.084,稳健
pjxyqwbj126,0.858,-0.032,稳健
pjxyqwbj129,0.659,-0.109,规范
pjxyqwbj130,0.659,-0.102,规范
pjxyqwbj133,0.942,0.104,规范
pjxyqwbj139,0.732,0.005,规范
pjxyqwbj146,0.013,-0.009,精英
pjxyqwbj149,0.74,-0.05,规范
pjxyqwbj150,0.74,-0.038,规范
pjxyqwbj153,0.844,-0.095,稳健
pjxyqwbj154,0.735,-0.025,规范
pjxyqwbj155,0.134,-0.003,精英
pjxyqwbj156,0.738,0.036,规范
pjxyqwbj158,0.854,0.051,规范
pjxyqwbj159,0.886,0.112,规范
pjxyqwbj163,0.678,0.007,规范
pjxyqwbj164,0.658,-0.047,规范
pjxyqwbj166,0.915,0.028,稳健
pjxyqwbj169,0.797,0.069,规范
pjxyqwbj171,0.859,-0.1,稳健
pjxyqwbj172,0.71,0.022,规范
pjxyqwbj174,0.756,-0.122,规范
pjxyqwbj181,0.013,0.002,精英
pjxyqwbj185,0.023,0.006,精英
pjxyqwbj188,0.804,-0.132,规范
pjxyqwbj190,0.724,-0.087,规范
pjxyqwbj191,0.038,-0.001,精英
pjxyqwbj192,0.911,0.088,规范
pjxyqwbj193,0.813,0.077,规范
pjxyqwbj197,0.659,-0.046,规范
pjxyqwbj201,0.666,-0.025,规范
pjxyqwbj203,0.663,0.002,规范
pjxyqwbj205,0.848,-0.117,稳健
pjxyqwbj207,0.848,-0.089,稳健
pjxyqwbj209,0.68,0.011,规范
pjxyqwbj216,0.658,-0.035,规范
pjxyqwbj219,0.908,0.035,稳健
pjxyqwbj221,0.735,-0.026,规范
pjxyqwbj223,0.847,-0.129,稳健
pjxyqwbj224,0.661,0.001,规范
pjxyqwbj225,0.659,-0.068,规范
pjxyqwbj232,1.0,0.095,稳健
pjxyqwbj236,0.008,-0.002,精英
pjxyqwbj237,0.135,-0.01,精英
pjxyqwbj242,0.735,-0.091,规范
pjxyqwbj243,0.657,-0.074,规范
pjxyqwbj245,0.836,-0.018,稳健
pjxyqwbj248,1.0,0.105,稳健
pjxyqwbj249,1.0,0.121,稳健
pjxyqwbj251,0.817,0.041,规范
pjxyqwbj252,0.852,-0.125,稳健
pjxyqwbj253,0.676,-0.029,规范
pjxyqwbj255,0.015,0.004,精英
pjxyqwbj261,0.792,-0.112,规范
pjxyqwbj262,0.659,-0.041,规范
pjxyqwbj266,0.93,0.044,稳健
pjxyqwbj267,0.033,0.01,精英
pjxyqwbj269,0.756,0.045,规范
pjxyqwbj272,0.665,-0.101,规范
pjxyqwbj274,0.89,0.021,稳健
pjxyqwbj276,0.57,-0.074,自律
pjxyqwbj277,0.224,0.028,精英
pjxyqwbj278,0.667,-0.044,规范
pjxyqwbj279,1.0,0.083,自律
pjxyqwbj282,0.178,0.021,精英
pjxyqwbj283,0.667,-0.023,规范
pjxyqwbj285,0.797,-0.098,规范
pjxyqwbj288,0.917,-0.145,自律
pjxyqwbj293,0.828,0.081,规范
pjxyqwbj299,0.005,-0.002,精英
pjxyqwbj300,0.657,-0.087,规范
pjxyqwbj301,0.697,0.015,规范
pjxyqwbj302,0.023,0.008,精英
pjxyqwbj305,0.658,-0.069,规范
pjxyqwbj307,0.57,-0.097,自律
pjxyqwbj309,0.965,0.062,稳健
pjxyqwbj311,0.007,-0.003,精英
pjxyqwbj312,0.737,-0.014,规范
pjxyqwbj315,0.729,0.035,规范
pjxyqwbj316,0.723,0.077,自律
pjxyqwbj318,0.995,0.08,稳健
pjxyqwbj321,0.666,-0.077,规范
pjxyqwbj322,0.849,0.057,规范
pjxyqwbj325,0.623,-0.094,规范
pjxyqwbj326,1.0,0.082,稳健
pjxyqwbj327,0.632,-0.037,规范
pjxyqwbj328,0.726,0.028,规范
pjxyqwbj331,1.0,0.14,稳健
pjxyqwbj333,0.74,-0.03,规范
pjxyqwbj334,0.659,-0.052,规范
pjxyqwbj336,0.011,-0.002,精英
pjxyqwbj338,0.835,-0.078,稳健
pjxyqwbj339,0.004,-0.003,精英
pjxyqwbj340,0.874,0.039,规范
pjxyqwbj341,0.662,0.003,规范
pjxyqwbj344,0.76,0.047,规范
pjxyqwbj347,0.797,0.069,规范
pjxyqwbj348,0.74,-0.045,规范
pjxyqwbj351,0.687,0.01,规范
pjxyqwbj356,0.804,0.035,规范
pjxyqwbj358,1.0,0.078,稳健
pjxyqwbj360,1.0,0.081,稳健
pjxyqwbj361,0.853,0.059,规范
pjxyqwbj362,0.853,0.098,规范
pjxyqwbj366,0.828,0.084,规范
pjxyqwbj367,0.869,-0.143,稳健
pjxyqwbj368,0.835,-0.066,稳健
pjxyqwbj369,0.814,0.04,规范
pjxyqwbj375,0.986,0.072,稳健
pjxyqwbj379,0.743,0.041,规范
pjxyqwbj380,1.0,0.106,规范
pjxyqwbj384,0.721,0.032,规范
pjxyqwbj385,0.665,-0.001,规范
pjxyqwbj388,0.798,0.069,规范
pjxyqwbj391,0.979,-0.003,自律
pjxyqwbj393,0.797,-0.029,规范
pjxyqwbj394,0.852,-0.058,稳健
pjxyqwbj395,0.678,0.01,规范
pjxyqwbj396,0.673,0.007,规范
pjxyqwbj397,1.0,0.138,自律
pjxyqwbj398,0.855,-0.081,稳健
pjxyqwbj400,0.011,-0.002,精英
pjxyqwbj401,0.734,-0.083,规范
pjxyqwbj402,0.697,0.019,规范
pjxyqwbj403,0.842,-0.126,稳健
pjxyqwbj407,0.852,-0.008,稳健
pjxyqwbj408,0.841,-0.027,稳健
pjxyqwbj409,0.767,0.016,规范
pjxyqwbj410,0.822,0.035,规范
pjxyqwbj412,0.74,-0.037,规范
pjxyqwbj417,0.963,0.055,稳健
pjxyqwbj418,0.007,-0.008,精英
pjxyqwbj421,0.023,-0.009,精英
pjxyqwbj422,0.138,0.002,精英
pjxyqwbj425,0.902,0.025,稳健
pjxyqwbj428,0.934,0.038,稳健
pjxyqwbj430,0.701,0.021,规范
pjxyqwbj431,0.855,0.003,稳健
pjxyqwbj433,0.005,-0.001,精英
pjxyqwbj435,0.843,-0.109,稳健
pjxyqwbj437,0.993,0.07,稳健
pjxyqwbj441,0.842,-0.116,稳健
pjxyqwbj444,0.026,0.006,精英
pjxyqwbj445,0.694,-0.093,规范
pjxyqwbj452,0.737,-0.118,规范
pjxyqwbj453,0.852,-0.035,稳健
pjxyqwbj454,0.141,-0.006,精英
pjxyqwbj455,0.987,0.067,稳健
pjxyqwbj456,0.953,0.075,规范
pjxyqwbj459,0.89,0.112,规范
pjxyqwbj461,0.732,0.019,规范
pjxyqwbj463,0.666,-0.084,规范
pjxyqwbj464,0.802,0.068,规范
pjxyqwbj468,0.136,-0.026,精英
pjxyqwbj469,1.0,0.134,稳健
pjxyqwbj472,0.016,-0.004,精英
pjxyqwbj476,0.007,-0.001,精英
pjxyqwbj478,1.0,0.106,稳健
pjxyqwbj479,0.852,-0.013,稳健
pjxyqwbj485,0.012,0.004,精英
pjxyqwbj486,0.935,0.046,稳健
pjxyqwbj487,0.842,-0.133,稳健
pjxyqwbj488,0.026,0.007,精英
pjxyqwbj492,0.757,-0.03,规范
pjxyqwbj497,0.74,-0.034,规范
pjxyqwbj500,0.964,0.112,规范
pjxyqwbj506,0.741,-0.033,规范
pjxyqwbj508,0.885,0.073,规范
pjxyqwbj509,0.769,0.054,规范
pjxyqwbj515,0.918,0.038,稳健
pjxyqwbj518,0.169,0.015,精英
pjxyqwbj522,0.79,0.063,规范
pjxyqwbj523,0.74,-0.004,规范
pjxyqwbj524,0.819,0.077,规范
pjxyqwbj525,0.669,-0.024,规范
pjxyqwbj527,0.86,-0.046,稳健
pjxyqwbj530,0.66,-0.002,规范
pjxyqwbj531,0.842,-0.117,稳健
pjxyqwbj532,0.855,0.007,稳健
pjxyqwbj534,0.858,-0.137,稳健
pjxyqwbj535,1.0,0.088,稳健
pjxyqwbj538,0.842,0.089,规范
pjxyqwbj540,0.681,-0.079,规范
pjxyqwbj542,0.853,0.059,规范
pjxyqwbj548,0.67,-0.002,规范
pjxyqwbj552,0.874,0.108,规范
pjxyqwbj554,0.853,-0.13,稳健
pjxyqwbj555,0.01,-0.01,精英
pjxyqwbj557,0.849,-0.126,稳健
pjxyqwbj560,0.734,-0.044,规范
pjxyqwbj563,0.666,-0.085,规范
pjxyqwbj564,0.813,-0.106,规范
pjxyqwbj566,0.019,0.004,精英
pjxyqwbj569,0.815,0.037,规范
pjxyqwbj570,0.858,0.099,规范
pjxyqwbj574,0.659,-0.046,规范
pjxyqwbj577,0.184,0.027,精英
pjxyqwbj579,0.57,-0.059,自律
pjxyqwbj582,0.156,0.008,精英
pjxyqwbj584,0.847,0.09,规范
pjxyqwbj585,0.015,0.004,精英
pjxyqwbj588,0.186,0.021,精英
pjxyqwbj589,0.016,0.001,精英
pjxyqwbj590,0.797,-0.124,规范
pjxyqwbj591,0.863,0.031,规范
pjxyqwbj592,0.772,0.054,规范
pjxyqwbj594,0.749,-0.01,规范
pjxyqwbj598,0.746,-0.003,规范
pjxyqwbj602,0.721,0.032,规范
pjxyqwbj604,0.01,-0.004,精英
pjxyqwbj605,0.622,-0.037,规范
pjxyqwbj608,0.849,-0.012,稳健
pjxyqwbj611,0.848,-0.019,稳健
pjxyqwbj613,0.661,-0.098,规范
pjxyqwbj615,0.855,0.095,规范
pjxyqwbj616,0.922,0.04,稳健
pjxyqwbj617,0.894,0.022,稳健
pjxyqwbj621,0.675,-0.029,规范
pjxyqwbj622,0.886,0.022,稳健
pjxyqwbj624,0.006,-0.002,精英
pjxyqwbj625,0.954,0.051,稳健
pjxyqwbj627,0.741,-0.004,规范
pjxyqwbj628,0.023,0.007,精英
pjxyqwbj630,1.0,0.135,稳健
pjxyqwbj631,0.194,0.029,精英
pjxyqwbj632,0.685,-0.05,规范
pjxyqwbj634,0.855,-0.137,稳健
pjxyqwbj636,0.006,-0.005,精英
pjxyqwbj640,0.733,-0.086,规范
pjxyqwbj642,0.849,-0.071,稳健
pjxyqwbj646,0.895,0.029,稳健
pjxyqwbj648,0.01,-0.006,精英
pjxyqwbj651,0.018,0.005,精英
pjxyqwbj656,0.028,0.008,精英
pjxyqwbj658,0.657,-0.065,规范
pjxyqwbj659,0.57,-0.072,自律
pjxyqwbj660,0.027,0.008,精英
pjxyqwbj662,0.973,0.091,规范
pjxyqwbj663,0.007,-0.005,精英
pjxyqwbj664,0.013,-0.004,精英
pjxyqwbj665,0.872,0.069,规范
pjxyqwbj669,0.74,-0.088,规范
pjxyqwbj671,0.142,-0.026,精英
pjxyqwbj673,0.91,0.088,规范
pjxyqwbj674,0.004,-0.006,精英
pjxyqwbj677,0.009,-0.009,精英
pjxyqwbj678,0.8,0.053,规范
pjxyqwbj685,0.709,0.026,规范
pjxyqwbj687,0.012,-0.009,精英
pjxyqwbj688,0.778,0.055,规范
pjxyqwbj691,0.019,0.005,精英
pjxyqwbj692,0.795,-0.007,规范
pjxyqwbj695,0.666,-0.042,规范
pjxyqwbj697,0.739,-0.054,规范
pjxyqwbj698,0.733,-0.016,规范
pjxyqwbj699,0.739,-0.101,规范
pjxyqwbj701,0.133,-0.02,精英
pjxyqwbj706,0.328,0.023,精英
pjxyqwbj709,0.686,0.014,规范
pjxyqwbj710,0.667,-0.053,规范
pjxyqwbj713,0.692,0.018,规范
pjxyqwbj718,0.013,-0.001,精英
pjxyqwbj726,0.011,-0.002,精英
pjxyqwbj727,0.861,0.096,规范
pjxyqwbj728,0.723,0.033,规范
pjxyqwbj732,0.834,0.089,规范
pjxyqwbj733,0.67,0.007,规范
pjxyqwbj734,0.658,-0.11,规范
pjxyqwbj737,0.657,-0.07,规范
pjxyqwbj739,0.621,-0.084,规范
pjxyqwbj741,0.661,-0.099,规范
pjxyqwbj742,0.027,0.003,精英
pjxyqwbj744,0.14,-0.029,精英
pjxyqwbj748,0.622,-0.031,规范
pjxyqwbj754,0.57,-0.064,自律
pjxyqwbj755,0.658,-0.054,规范
pjxyqwbj758,0.667,-0.077,规范
pjxyqwbj760,0.194,0.028,精英
pjxyqwbj763,0.971,0.051,自律
pjxyqwbj764,0.802,-0.013,规范
pjxyqwbj769,0.662,-0.075,规范
pjxyqwbj772,0.657,-0.007,规范
pjxyqwbj773,0.933,0.097,规范
pjxyqwbj775,0.712,0.027,规范
pjxyqwbj776,0.015,-0.01,精英
pjxyqwbj777,0.007,-0.001,精英
pjxyqwbj780,0.013,-0.006,精英
pjxyqwbj782,0.017,-0.002,精英
pjxyqwbj785,0.677,0.005,规范
pjxyqwbj787,0.739,-0.069,规范
pjxyqwbj788,0.711,0.022,规范
pjxyqwbj789,0.941,0.1,规范
pjxyqwbj790,0.666,-0.048,规范
pjxyqwbj791,0.74,-0.063,规范
pjxyqwbj793,0.144,0.002,精英
pjxyqwbj796,0.168,0.016,精英
pjxyqwbj797,0.778,0.06,规范
pjxyqwbj799,0.669,-0.074,规范
pjxyqwbj802,0.7,0.022,规范
pjxyqwbj803,0.57,-0.076,自律
pjxyqwbj807,0.658,-0.103,规范
pjxyqwbj808,0.015,-0.003,精英
pjxyqwbj809,0.666,-0.101,规范
pjxyqwbj811,0.015,0.003,精英
pjxyqwbj820,0.821,0.077,规范
pjxyqwbj821,0.837,0.048,规范
pjxyqwbj822,0.68,0.007,规范
pjxyqwbj825,0.733,-0.061,规范
pjxyqwbj828,0.015,0.003,精英
pjxyqwbj830,0.741,-0.102,规范
pjxyqwbj833,0.865,0.105,规范
pjxyqwbj834,0.02,0.003,精英
pjxyqwbj836,0.976,0.091,规范
pjxyqwbj837,0.668,-0.091,规范
pjxyqwbj838,0.657,-0.033,规范
pjxyqwbj839,0.014,0.004,精英
pjxyqwbj841,0.015,-0.009,精英
pjxyqwbj842,0.784,0.063,规范
pjxyqwbj844,0.004,0.0,精英
pjxyqwbj847,0.809,0.035,规范
pjxyqwbj849,0.74,-0.056,规范
pjxyqwbj850,0.793,0.065,规范
pjxyqwbj852,0.147,0.004,精英
pjxyqwbj853,0.011,0.003,精英
pjxyqwbj856,0.671,-0.07,规范
pjxyqwbj857,0.793,0.026,规范
pjxyqwbj859,0.203,-0.022,精英
pjxyqwbj864,0.138,0.0,精英
pjxyqwbj865,0.739,-0.121,规范
pjxyqwbj867,0.715,-0.079,规范
pjxyqwbj868,0.897,0.102,规范
pjxyqwbj869,0.741,-0.011,规范
pjxyqwbj870,0.143,0.004,精英
pjxyqwbj871,0.657,-0.024,规范
pjxyqwbj872,0.008,-0.007,精英
pjxyqwbj873,0.007,0.001,精英
pjxyqwbj876,0.863,0.103,规范
pjxyqwbj877,0.75,0.009,规范
pjxyqwbj883,0.981,0.12,规范
pjxyqwbj884,0.029,0.007,精英
pjxyqwbj885,0.658,-0.026,规范
pjxyqwbj886,0.14,-0.018,精英
pjxyqwbj888,0.73,0.08,自律
pjxyqwbj889,0.005,-0.004,精英
pjxyqwbj890,0.74,-0.05,规范
pjxyqwbj895,0.796,-0.088,规范
pjxyqwbj896,0.694,0.018,规范
pjxyqwbj897,0.733,-0.006,规范
pjxyqwbj902,0.744,-0.119,规范
pjxyqwbj903,0.982,0.119,规范
pjxyqwbj904,0.804,0.073,规范
pjxyqwbj905,0.668,-0.098,规范
pjxyqwbj907,0.97,0.113,规范
pjxyqwbj910,0.658,-0.082,规范
pjxyqwbj912,0.163,0.009,精英
pjxyqwbj913,0.794,-0.11,规范
pjxyqwbj914,0.677,0.005,规范
pjxyqwbj917,0.624,-0.023,规范
pjxyqwbj922,0.754,0.046,规范
pjxyqwbj923,0.734,-0.049,规范
pjxyqwbj924,0.657,-0.067,规范
pjxyqwbj925,0.132,-0.025,精英
pjxyqwbj926,0.665,-0.106,规范
pjxyqwbj927,0.661,-0.092,规范
pjxyqwbj928,0.817,0.076,规范
pjxyqwbj929,0.657,-0.025,规范
pjxyqwbj930,0.731,0.032,规范
pjxyqwbj932,0.665,-0.025,规范
pjxyqwbj933,0.659,-0.004,规范
pjxyqwbj935,0.014,-0.005,精英
pjxyqwbj936,0.733,-0.059,规范
pjxyqwbj937,0.68,0.006,规范
pjxyqwbj939,0.757,0.047,规范
pjxyqwbj940,0.029,-0.011,精英
pjxyqwbj941,0.624,-0.004,规范
pjxyqwbj944,0.662,-0.005,规范
pjxyqwbj945,0.844,-0.084,稳健
pjxyqwbj946,0.905,0.027,稳健
pjxyqwbj947,0.951,0.053,稳健
pjxyqwbj949,0.656,-0.041,规范
pjxyqwbj950,0.852,-0.084,稳健
pjxyqwbj955,0.738,0.034,规范
pjxyqwbj958,0.86,0.097,规范
pjxyqwbj961,0.764,0.011,规范
pjxyqwbj965,0.877,0.017,稳健
pjxyqwbj966,1.0,0.108,稳健
pjxyqwbj967,0.141,-0.022,精英
pjxyqwbj971,0.921,0.094,规范
pjxyqwbj977,1.0,0.123,稳健
pjxyqwbj979,0.669,-0.041,规范
pjxyqwbj985,0.619,-0.049,规范
pjxyqwbj986,0.142,-0.015,精英
pjxyqwbj988,0.998,0.077,稳健
pjxyqwbj989,0.658,-0.109,规范
pjxyqwbj991,0.878,0.106,规范
pjxyqwbj993,0.134,-0.004,精英
pjxyqwbj998,0.844,-0.074,稳健
pjxyqwbk504,0.752,0.091,自律
pjxyqwbk505,0.664,-0.008,规范
pjxyqwbk509,0.816,0.073,规范
pjxyqwbk510,0.699,-0.073,规范
pjxyqwbk511,0.994,0.093,规范
pjxyqwbk513,0.02,0.004,精英
pjxyqwbk514,0.845,-0.115,稳健
pjxyqwbk519,0.852,-0.138,稳健
pjxyqwbk520,0.745,0.038,规范
pjxyqwbk521,0.017,-0.006,精英
pjxyqwbk523,0.669,-0.097,规范
pjxyqwbk527,0.964,0.116,规范
pjxyqwbk529,0.848,-0.032,稳健
pjxyqwbk531,0.637,0.034,自律
pjxyqwbk534,0.869,0.103,规范
pjxyqwbk536,0.742,-0.028,规范
pjxyqwbk537,0.647,0.011,规范
pjxyqwbk538,0.012,-0.0,精英
pjxyqwbk540,0.029,0.005,精英
pjxyqwbk541,0.742,-0.102,规范
pjxyqwbk542,1.0,0.123,规范
pjxyqwbk543,0.656,-0.087,规范
pjxyqwbk544,0.918,0.037,稳健
pjxyqwbk547,0.923,0.09,规范
pjxyqwbk548,0.732,-0.03,规范
pjxyqwbk549,0.159,-0.017,精英
pjxyqwbk551,0.138,-0.021,精英
pjxyqwbk559,0.898,-0.075,自律
pjxyqwbk562,1.0,0.129,稳健
pjxyqwbk572,0.881,0.019,稳健
pjxyqwbk575,0.024,0.007,精英
pjxyqwbk577,0.66,0.001,规范
pjxyqwbk578,0.74,-0.041,规范
pjxyqwbk581,0.864,0.096,规范
pjxyqwbk583,0.926,0.062,规范
pjxyqwbk584,0.742,-0.053,规范
pjxyqwbk585,0.01,-0.006,精英
pjxyqwbk592,0.027,0.006,精英
pjxyqwbk594,0.742,-0.066,规范
pjxyqwbk595,0.698,0.02,规范
pjxyqwbk601,0.741,-0.028,规范
pjxyqwbk603,0.909,0.088,规范
pjxyqwbk604,0.843,0.088,规范
pjxyqwbk605,0.028,0.009,精英
pjxyqwbk607,0.006,-0.004,精英
pjxyqwbk608,0.008,-0.009,精英
pjxyqwbk615,0.845,0.088,规范
pjxyqwbk617,0.197,0.028,精英
pjxyqwbk618,0.009,-0.003,精英
pjxyqwbk620,0.138,-0.014,精英
pjxyqwbk621,0.025,0.005,精英
pjxyqwbk622,0.862,0.003,自律
pjxyqwbk623,0.146,-0.024,精英
pjxyqwbk624,0.732,0.081,自律
pjxyqwbk631,0.727,0.049,规范
pjxyqwbk632,0.029,0.008,精英
pjxyqwbk636,0.744,-0.034,规范
pjxyqwbk638,0.81,-0.102,规范
pjxyqwbk642,0.856,0.094,规范
pjxyqwbk644,0.74,0.037,规范
pjxyqwbk646,0.744,-0.058,规范
pjxyqwbk647,0.738,0.033,规范
pjxyqwbk650,0.142,0.002,精英
pjxyqwbk652,1.0,0.083,自律
pjxyqwbk653,0.021,-0.0,精英
pjxyqwbk656,0.654,-0.017,规范
pjxyqwbk661,0.66,-0.001,规范
pjxyqwbk662,0.02,-0.001,精英
pjxyqwbk664,0.81,0.039,规范
pjxyqwbk665,0.721,0.024,规范
pjxyqwbk666,0.138,-0.015,精英
pjxyqwbk668,1.0,0.104,规范
pjxyqwbk671,0.037,0.001,精英
pjxyqwbk673,0.004,-0.001,精英
pjxyqwbk675,0.936,0.071,规范
pjxyqwbk678,0.006,-0.003,精英
pjxyqwbk679,0.941,0.098,规范
pjxyqwbk686,0.802,0.002,规范
pjxyqwbk694,0.719,0.032,规范
pjxyqwbk697,0.654,-0.086,规范
pjxyqwbk698,0.026,-0.007,精英
pjxyqwbk700,0.664,0.004,规范
pjxyqwbk701,0.757,-0.022,规范
pjxyqwbk706,0.022,-0.001,精英
pjxyqwbk708,0.873,0.066,规范
pjxyqwbk710,0.021,0.003,精英
pjxyqwbk713,0.655,-0.091,规范
pjxyqwbk716,0.668,-0.031,规范
pjxyqwbk717,0.956,0.107,规范
pjxyqwbk720,0.01,-0.009,精英
pjxyqwbk721,0.767,0.018,规范
pjxyqwbk724,0.837,0.082,规范
pjxyqwbk727,0.671,-0.062,规范
pjxyqwbk728,0.872,0.109,规范
pjxyqwbk729,0.717,0.029,规范
pjxyqwbk731,0.194,0.0,精英
pjxyqwbk734,0.686,0.016,规范
pjxyqwbk735,0.046,0.011,精英
pjxyqwbk736,0.948,0.049,自律
pjxyqwbk740,0.771,0.021,规范
pjxyqwbk741,0.81,0.074,规范
pjxyqwbk745,0.724,0.028,规范
pjxyqwbk746,0.738,0.033,规范
pjxyqwbk747,0.203,0.004,精英
pjxyqwbk749,0.947,0.074,规范
pjxyqwbk754,0.657,0.002,规范
pjxyqwbk755,0.685,0.015,规范
pjxyqwbk756,0.772,0.058,规范
pjxyqwbk760,0.857,0.06,规范
pjxyqwbk761,0.877,0.103,规范
pjxyqwbk762,0.846,0.09,规范
pjxyqwbk764,0.02,-0.011,精英
pjxyqwbk767,0.023,0.006,精英
pjxyqwbk769,0.141,-0.014,精英
pjxyqwbk770,0.185,0.022,精英
pjxyqwbk772,0.674,-0.07,规范
pjxyqwbk775,0.659,0.002,规范
pjxyqwbk777,0.897,-0.085,自律
pjxyqwbk779,0.785,0.064,规范
pjxyqwbk781,0.947,0.107,规范
pjxyqwbk782,0.143,-0.006,精英
pjxyqwbk787,0.733,-0.07,规范
pjxyqwbk788,0.77,0.057,规范
pjxyqwbk791,0.715,0.024,规范
pjxyqwbk792,0.01,-0.001,精英
pjxyqwbk793,0.795,0.068,规范
pjxyqwbk795,0.13,-0.014,精英
pjxyqwbk796,0.027,0.007,精英
pjxyqwbk799,0.978,0.123,规范
pjxyqwbk802,0.692,0.01,规范
pjxyqwbk804,0.654,-0.054,规范
pjxyqwbk806,0.017,-0.002,精英
pjxyqwbk807,0.657,-0.03,规范
pjxyqwbk808,0.883,0.109,规范
pjxyqwbk810,0.192,0.026,精英
pjxyqwbk812,0.655,-0.047,规范
pjxyqwbk813,0.016,0.003,精英
pjxyqwbk814,0.844,0.098,规范
pjxyqwbk815,0.147,0.005,精英
pjxyqwbk818,0.689,0.016,规范
pjxyqwbk824,0.041,0.009,精英
pjxyqwbk826,0.033,0.006,精英
pjxyqwbk828,0.746,-0.002,规范
pjxyqwbk829,0.666,0.004,规范
pjxyqwbk830,0.917,0.093,规范
pjxyqwbk831,0.905,0.08,规范
pjxyqwbk834,0.011,0.001,精英
pjxyqwbk835,0.225,0.028,精英
pjxyqwbk838,0.166,0.014,精英
pjxyqwbk839,0.009,-0.003,精英
pjxyqwbk844,0.926,0.095,规范
pjxyqwbk845,0.019,0.003,精英
pjxyqwbk855,0.791,0.019,规范
pjxyqwbk856,0.012,0.001,精英
pjxyqwbk859,0.14,-0.02,精英
pjxyqwbk862,0.655,-0.07,规范
pjxyqwbk864,0.846,0.083,规范
pjxyqwbk865,0.039,-0.01,精英
pjxyqwbk866,0.748,-0.046,规范
pjxyqwbk868,0.846,0.081,规范
pjxyqwbk869,0.722,0.03,规范
pjxyqwbk870,0.013,-0.007,精英
pjxyqwbk871,0.861,0.101,规范
pjxyqwbk872,0.176,0.008,精英
pjxyqwbk879,0.661,-0.051,规范
pjxyqwbk884,0.744,-0.022,规范
pjxyqwbk885,0.944,0.105,规范
pjxyqwbk889,0.056,0.01,精英
pjxyqwbk893,0.918,0.086,规范
pjxyqwbk895,0.734,-0.079,规范
pjxyqwbk896,0.142,-0.008,精英
pjxyqwbk899,0.131,-0.013,精英
pjxyqwbk900,0.835,0.017,规范
pjxyqwbk901,0.17,0.013,精英
pjxyqwbk902,0.687,0.006,规范
pjxyqwbk907,0.735,0.027,规范
pjxyqwbk910,0.696,0.021,规范
pjxyqwbk919,0.026,0.007,精英
pjxyqwbk920,0.247,0.01,精英
pjxyqwbk922,0.69,-0.013,规范
pjxyqwbk923,0.732,-0.046,规范
pjxyqwbk925,0.724,-0.021,规范
pjxyqwbk928,0.141,-0.022,精英
pjxyqwbk931,0.734,-0.094,规范
pjxyqwbk935,0.658,-0.103,规范
pjxyqwbk942,0.01,0.003,精英
pjxyqwbk943,0.771,0.016,规范
pjxyqwbk949,1.0,0.095,自律
pjxyqwbk951,0.034,0.002,精英
pjxyqwbk953,0.823,0.037,规范
pjxyqwbk954,0.801,-0.035,规范
pjxyqwbk955,0.8,-0.038,规范
pjxyqwbk956,0.927,0.093,规范
pjxyqwbk962,0.02,0.005,精英
pjxyqwbk964,0.967,0.109,规范
pjxyqwbk966,0.17,-0.0,精英
pjxyqwbk967,0.013,-0.006,精英
pjxyqwbk971,0.014,0.003,精英
pjxyqwbk972,0.637,0.034,自律
pjxyqwbk991,0.163,0.01,精英
pjxyqwbk993,0.695,0.063,自律
pjxyqwbk996,0.048,0.01,精英
pjxyqwbk999,0.059,0.012,精英
pjxyqxbj001,0.026,-0.005,精英
pjxyqxbj002,0.778,0.052,规范
pjxyqxbj006,0.698,-0.115,规范
pjxyqxbj007,0.744,0.035,规范
pjxyqxbj008,0.021,0.006,精英
pjxyqxbj012,0.032,0.004,精英
pjxyqxbj015,0.842,0.056,规范
pjxyqxbj018,0.674,-0.05,规范
pjxyqxbj021,0.763,0.015,规范
pjxyqxbj023,0.85,-0.06,稳健
pjxyqxbj024,0.675,-0.104,规范
pjxyqxbj027,0.755,-0.105,规范
pjxyqxbj029,0.852,-0.087,稳健
pjxyqxbj031,0.017,0.001,精英
pjxyqxbj032,0.722,-0.075,规范
pjxyqxbj034,0.668,-0.002,规范
pjxyqxbj035,0.67,-0.105,规范
pjxyqxbj038,0.85,-0.009,稳健
pjxyqxbj039,1.0,0.124,稳健
pjxyqxbj040,1.0,0.138,稳健
pjxyqxbj043,0.847,0.086,规范
pjxyqxbj044,0.013,-0.006,精英
pjxyqxbj046,0.862,0.001,稳健
pjxyqxbj048,1.0,0.081,稳健
pjxyqxbj049,0.668,-0.112,规范
pjxyqxbj051,1.0,0.111,稳健
pjxyqxbj052,1.0,0.132,稳健
pjxyqxbj054,0.135,0.001,精英
pjxyqxbj058,0.851,-0.017,稳健
pjxyqxbj060,0.133,-0.023,精英
pjxyqxbj063,0.971,0.064,稳健
pjxyqxbj064,0.851,0.089,规范
pjxyqxbj065,0.864,0.098,规范
pjxyqxbj066,0.863,0.049,规范
pjxyqxbj067,1.0,0.125,稳健
pjxyqxbj068,0.713,0.019,规范
pjxyqxbj073,0.668,-0.064,规范
pjxyqxbj074,0.844,-0.116,稳健
pjxyqxbj075,0.851,-0.13,稳健
pjxyqxbj080,0.009,-0.008,精英
pjxyqxbj082,0.03,0.007,精英
pjxyqxbj084,0.004,-0.008,精英
pjxyqxbj086,0.022,-0.002,精英
pjxyqxbj088,0.032,0.008,精英
pjxyqxbj089,0.017,-0.01,精英
pjxyqxbj092,0.144,-0.022,精英
pjxyqxbj093,0.03,0.01,精英
pjxyqxbj094,0.131,-0.001,精英
pjxyqxbj095,0.668,-0.053,规范
pjxyqxbj096,0.026,0.002,精英
pjxyqxbj098,0.749,-0.073,规范
pjxyqxbj100,0.854,-0.134,自律
pjxyqxbj102,0.688,-0.027,规范
pjxyqxbj103,1.0,0.122,稳健
pjxyqxbj105,0.005,-0.003,精英
pjxyqxbj106,0.859,-0.049,稳健
pjxyqxbj113,0.849,-0.099,稳健
pjxyqxbj114,0.031,0.008,精英
pjxyqxbj117,0.856,0.003,稳健
pjxyqxbj119,0.022,-0.002,精英
pjxyqxbj120,0.981,0.065,稳健
pjxyqxbj121,0.148,0.006,精英
pjxyqxbj124,0.032,0.009,精英
pjxyqxbj125,0.022,-0.012,精英
pjxyqxbj129,1.0,0.084,稳健
pjxyqxbj131,0.978,0.068,稳健
pjxyqxbj132,0.689,-0.096,规范
pjxyqxbj139,0.652,-0.075,规范
pjxyqxbj144,0.673,-0.046,规范
pjxyqxbj145,1.0,0.12,稳健
pjxyqxbj146,0.859,-0.028,稳健
pjxyqxbj147,0.014,-0.01,精英
pjxyqxbj148,0.822,0.082,规范
pjxyqxbj150,1.0,0.122,稳健
pjxyqxbj151,0.862,0.004,稳健
pjxyqxbj152,1.0,0.129,稳健
pjxyqxbj153,0.867,0.009,稳健
pjxyqxbj154,0.85,-0.128,稳健
pjxyqxbj155,0.025,0.008,精英
pjxyqxbj158,0.018,-0.011,精英
pjxyqxbj159,0.925,0.036,稳健
pjxyqxbj160,0.843,0.003,稳健
pjxyqxbj162,1.0,0.144,自律
pjxyqxbj164,0.85,-0.128,稳健
pjxyqxbj165,0.023,0.003,精英
pjxyqxbj167,0.848,-0.074,稳健
pjxyqxbj169,1.0,0.116,自律
pjxyqxbj173,0.67,-0.079,规范
pjxyqxbj174,0.027,0.002,精英
pjxyqxbj180,0.011,-0.008,精英
pjxyqxbj182,0.159,0.014,精英
pjxyqxbj187,0.011,-0.005,精英
pjxyqxbj188,0.897,0.09,规范
pjxyqxbj192,0.729,-0.106,规范
pjxyqxbj195,0.941,0.047,稳健
pjxyqxbj198,0.851,-0.12,稳健
pjxyqxbj207,0.777,0.051,规范
pjxyqxbj214,0.969,0.067,稳健
pjxyqxbj217,0.139,-0.01,精英
pjxyqxbj220,1.0,0.111,稳健
pjxyqxbj221,0.777,0.01,规范
pjxyqxbj223,0.845,-0.113,稳健
pjxyqxbj224,0.139,-0.0,精英
pjxyqxbj225,0.843,0.08,规范
pjxyqxbj228,1.0,0.086,稳健
pjxyqxbj230,0.794,0.063,规范
pjxyqxbj237,1.0,0.118,稳健
pjxyqxbj238,0.851,-0.057,稳健
pjxyqxbj239,0.851,-0.093,稳健
pjxyqxbj240,1.0,0.119,稳健
pjxyqxbj241,0.851,-0.075,稳健
pjxyqxbj242,0.967,0.061,稳健
pjxyqxbj243,0.707,0.02,规范
pjxyqxbj250,0.124,-0.007,精英
pjxyqxbj251,0.138,-0.025,精英
pjxyqxbj253,0.01,-0.006,精英
pjxyqxbj255,0.025,0.008,精英
pjxyqxbj257,0.016,-0.004,精英
pjxyqxbj261,0.023,0.004,精英
pjxyqxbj262,0.043,0.01,精英
pjxyqxbj269,0.006,-0.004,精英
pjxyqxbj271,1.0,0.073,稳健
pjxyqxbj272,0.13,-0.001,精英
pjxyqxbj273,0.03,0.008,精英
pjxyqxbj277,0.843,-0.084,稳健
pjxyqxbj278,0.017,-0.003,精英
pjxyqxbj279,0.872,0.014,稳健
pjxyqxbj280,0.672,-0.012,规范
pjxyqxbj282,0.142,-0.019,精英
pjxyqxbj283,0.843,-0.094,稳健
pjxyqxbj284,0.71,0.021,规范
pjxyqxbj285,0.86,-0.054,稳健
pjxyqxbj286,0.139,-0.005,精英
pjxyqxbj288,0.313,0.007,精英
pjxyqxbj290,1.0,0.121,稳健
pjxyqxbj293,0.717,0.021,规范
pjxyqxbj294,0.674,-0.08,规范
pjxyqxbj296,0.014,-0.001,精英
pjxyqxbj301,0.162,-0.029,精英
pjxyqxbj305,0.672,-0.094,规范
pjxyqxbj312,0.997,0.069,稳健
pjxyqxbj314,0.667,-0.076,规范
pjxyqxbj315,0.668,-0.093,规范
pjxyqxbj317,0.667,-0.049,规范
pjxyqxbj319,0.674,-0.093,规范
pjxyqxbj320,0.704,0.015,规范
pjxyqxbj323,0.022,0.003,精英
pjxyqxbj325,0.844,-0.13,稳健
pjxyqxbj327,0.69,0.008,规范
pjxyqxbj330,1.0,0.092,稳健
pjxyqxbj332,1.0,0.091,稳健
pjxyqxbj333,0.999,0.072,稳健
pjxyqxbj334,0.886,0.102,规范
pjxyqxbj337,0.932,0.045,稳健
pjxyqxbj340,0.012,0.006,精英
pjxyqxbj345,0.004,-0.005,精英
pjxyqxbj347,0.195,0.027,精英
pjxyqxbj348,0.85,-0.048,稳健
pjxyqxbj352,0.843,-0.035,稳健
pjxyqxbj353,0.151,0.001,精英
pjxyqxbj355,0.679,-0.109,规范
pjxyqxbj358,0.02,0.008,精英
pjxyqxbj359,1.0,0.111,稳健
pjxyqxbj361,0.897,0.021,稳健
pjxyqxbj365,0.843,-0.02,稳健
pjxyqxbj370,0.846,0.05,规范
pjxyqxbj371,0.96,0.058,稳健
pjxyqxbj374,0.85,-0.141,稳健
pjxyqxbj379,0.706,0.02,规范
pjxyqxbj384,0.141,0.001,精英
pjxyqxbj391,1.0,0.118,稳健
pjxyqxbj392,0.012,-0.0,精英
pjxyqxbj395,0.015,-0.009,精英
pjxyqxbj397,0.191,0.029,精英
pjxyqxbj399,0.973,0.067,自律
pjxyqxbj400,0.021,-0.001,精英
pjxyqxbj403,0.682,-0.022,规范
pjxyqxbj404,0.013,-0.004,精英
pjxyqxbj405,0.15,-0.015,精英
pjxyqxbj410,0.167,0.012,精英
pjxyqxbj412,0.703,0.015,规范
pjxyqxbj415,0.674,-0.061,规范
pjxyqxbj417,0.675,-0.037,规范
pjxyqxbj418,0.008,-0.003,精英
pjxyqxbj419,0.143,0.003,精英
pjxyqxbj422,0.182,0.022,精英
pjxyqxbj428,0.859,-0.056,稳健
pjxyqxbj430,0.041,0.01,精英
pjxyqxbj432,0.838,-0.135,稳健
pjxyqxbj433,0.672,-0.014,规范
pjxyqxbj439,0.145,0.005,精英
pjxyqxbj440,0.851,-0.046,稳健
pjxyqxbj443,0.74,0.036,规范
pjxyqxbj448,0.851,-0.034,稳健
pjxyqxbj451,0.917,0.096,规范
pjxyqxbj452,0.692,0.01,规范
pjxyqxbj454,1.0,0.113,稳健
pjxyqxbj455,0.851,-0.041,稳健
pjxyqxbj459,0.013,-0.002,精英
pjxyqxbj460,0.854,-0.105,稳健
pjxyqxbj464,0.026,0.009,精英
pjxyqxbj465,0.009,-0.001,精英
pjxyqxbj469,0.008,-0.006,精英
pjxyqxbj470,1.0,0.13,稳健
pjxyqxbj474,0.858,-0.055,稳健
pjxyqxbj476,0.895,0.017,稳健
pjxyqxbj478,0.677,-0.066,规范
pjxyqxbj483,0.845,-0.114,稳健
pjxyqxbj484,1.0,0.085,稳健
pjxyqxbj485,0.667,-0.021,规范
pjxyqxbj490,0.852,-0.01,稳健
pjxyqxbj491,1.0,0.113,稳健
pjxyqxbj492,0.611,0.021,自律
pjxyqxbj496,0.014,0.006,精英
pjxyqxbj501,0.758,-0.103,规范
pjxyqxbj505,0.666,-0.077,规范
pjxyqxbj506,0.136,-0.001,精英
pjxyqxbj507,0.747,-0.118,规范
pjxyqxbj511,0.013,-0.01,精英
pjxyqxbj512,0.86,-0.052,稳健
pjxyqxbj519,0.008,-0.007,精英
pjxyqxbj520,0.85,-0.027,稳健
pjxyqxbj521,0.97,0.063,稳健
pjxyqxbj522,1.0,0.139,稳健
pjxyqxbj524,0.667,-0.007,规范
pjxyqxbj525,0.187,0.008,精英
pjxyqxbj527,0.027,0.009,精英
pjxyqxbj528,0.232,0.027,精英
pjxyqxbj529,0.031,0.008,精英
pjxyqxbj533,0.854,0.005,稳健
pjxyqxbj537,0.767,0.046,规范
pjxyqxbj540,0.023,-0.005,精英
pjxyqxbj541,0.844,-0.036,稳健
pjxyqxbj544,0.85,-0.055,稳健
pjxyqxbj545,0.802,0.067,规范
pjxyqxbj546,0.672,-0.028,规范
pjxyqxbj548,0.679,0.005,规范
pjxyqxbj554,0.672,-0.017,规范
pjxyqxbj557,0.879,0.102,规范
pjxyqxbj559,0.798,-0.059,规范
pjxyqxbj562,0.698,0.011,规范
pjxyqxbj565,0.129,-0.013,精英
pjxyqxbj566,0.594,0.012,自律
pjxyqxbj569,0.026,0.005,精英
pjxyqxbj570,0.85,-0.008,稳健
pjxyqxbj571,0.865,0.01,稳健
pjxyqxbj574,0.024,0.006,精英
pjxyqxbj575,0.666,-0.111,规范
pjxyqxbj576,0.737,-0.073,规范
pjxyqxbj577,1.0,0.11,稳健
pjxyqxbj578,0.85,-0.021,稳健
pjxyqxbj580,0.178,0.006,精英
pjxyqxbj581,0.019,0.006,精英
pjxyqxbj583,0.673,-0.059,规范
pjxyqxbj584,0.906,0.092,规范
pjxyqxbj585,0.924,0.034,自律
pjxyqxbj586,0.006,-0.005,精英
pjxyqxbj588,0.023,0.004,精英
pjxyqxbj589,0.02,-0.006,精英
pjxyqxbj594,0.667,-0.095,规范
pjxyqxbj595,0.011,-0.003,精英
pjxyqxbj599,0.139,-0.024,精英
pjxyqxbj605,0.032,-0.008,精英
pjxyqxbj607,0.13,-0.006,精英
pjxyqxbj608,0.879,0.106,规范
pjxyqxbj609,0.141,-0.012,精英
pjxyqxbj610,0.722,0.023,规范
pjxyqxbj615,0.673,-0.099,规范
pjxyqxbj616,0.05,0.012,精英
pjxyqxbj625,0.902,0.029,稳健
pjxyqxbj626,0.694,0.003,规范
pjxyqxbj628,0.818,0.073,规范
pjxyqxbj629,0.883,0.108,规范
pjxyqxbj630,0.677,-0.085,规范
pjxyqxbj633,0.674,-0.023,规范
pjxyqxbj635,0.897,0.109,规范
pjxyqxbj636,0.894,-0.129,自律
pjxyqxbj637,0.028,0.01,精英
pjxyqxbj638,0.675,-0.054,规范
pjxyqxbj640,0.013,0.003,精英
pjxyqxbj642,0.13,-0.022,精英
pjxyqxbj643,0.032,0.006,精英
pjxyqxbj645,0.674,-0.092,规范
pjxyqxbj646,0.022,0.002,精英
pjxyqxbj647,0.009,-0.004,精英
pjxyqxbj648,0.846,-0.101,稳健
pjxyqxbj653,1.0,0.113,稳健
pjxyqxbj657,0.953,0.051,稳健
pjxyqxbj658,0.83,0.082,规范
pjxyqxbj659,0.028,0.007,精英
pjxyqxbj662,0.851,-0.082,稳健
pjxyqxbj663,0.858,-0.031,稳健
pjxyqxbj667,0.036,0.009,精英
pjxyqxbj669,0.668,-0.058,规范
pjxyqxbj670,0.728,0.031,规范
pjxyqxbj676,1.0,0.079,稳健
pjxyqxbj679,0.851,-0.125,稳健
pjxyqxbj681,0.836,0.085,规范
pjxyqxbj682,0.759,0.042,规范
pjxyqxbj683,0.868,-0.114,自律
pjxyqxbj686,0.02,-0.008,精英
pjxyqxbj687,0.015,-0.003,精英
pjxyqxbj688,0.674,-0.093,规范
pjxyqxbj691,0.75,-0.093,规范
pjxyqxbj692,0.183,0.023,精英
pjxyqxbj694,0.671,0.002,规范
pjxyqxbj698,0.015,0.002,精英
pjxyqxbj701,0.991,0.122,规范
pjxyqxbj703,0.831,0.077,规范
pjxyqxbj707,0.029,0.005,精英
pjxyqxbj709,0.829,-0.019,规范
pjxyqxbj710,1.0,0.11,自律
pjxyqxbj712,0.018,0.001,精英
pjxyqxbj714,0.033,0.008,精英
pjxyqxbj717,0.931,0.043,稳健
pjxyqxbj718,0.57,-0.089,自律
pjxyqxbj722,0.033,0.009,精英
pjxyqxbj724,0.829,-0.034,稳健
pjxyqxbj725,0.231,0.017,精英
pjxyqxbj726,0.053,0.012,精英
pjxyqxbj728,0.876,0.013,稳健
pjxyqxbj729,0.738,0.031,规范
pjxyqxbj731,0.669,-0.018,规范
pjxyqxbj733,0.851,-0.022,稳健
pjxyqxbj734,0.85,-0.038,稳健
pjxyqxbj736,0.13,-0.028,精英
pjxyqxbj737,0.016,0.0,精英
pjxyqxbj739,0.86,0.094,规范
pjxyqxbj740,0.675,-0.01,规范
pjxyqxbj743,0.178,0.022,精英
pjxyqxbj744,0.037,0.007,精英
pjxyqxbj749,0.984,0.118,规范
pjxyqxbj750,1.0,0.138,稳健
pjxyqxbj753,0.802,-0.08,规范
pjxyqxbj754,1.0,0.119,自律
pjxyqxbj756,0.747,-0.092,规范
pjxyqxbj757,0.015,0.006,精英
pjxyqxbj760,0.741,-0.098,规范
pjxyqxbj761,0.674,-0.1,规范
pjxyqxbj762,0.132,-0.026,精英
pjxyqxbj765,0.016,-0.002,精英
pjxyqxbj769,0.599,0.015,自律
pjxyqxbj770,1.0,0.117,稳健
pjxyqxbj771,0.022,-0.001,精英
pjxyqxbj772,0.674,-0.089,规范
pjxyqxbj776,0.016,0.003,精英
pjxyqxbj777,0.854,0.048,规范
pjxyqxbj779,0.18,0.023,精英
pjxyqxbj780,0.011,-0.003,精英
pjxyqxbj781,0.889,0.111,规范
pjxyqxbj784,0.667,-0.055,规范
pjxyqxbj788,0.673,-0.012,规范
pjxyqxbj789,0.024,0.008,精英
pjxyqxbj791,0.179,0.021,精英
pjxyqxbj794,0.766,-0.109,规范
pjxyqxbj795,0.024,0.002,精英
pjxyqxbj798,0.02,0.002,精英
pjxyqxbj799,0.673,-0.063,规范
pjxyqxbj800,1.0,0.106,稳健
pjxyqxbj801,0.673,-0.063,规范
pjxyqxbj807,0.015,-0.005,精英
pjxyqxbj812,0.024,0.002,精英
pjxyqxbj813,0.865,0.013,稳健
pjxyqxbj815,0.668,-0.02,规范
pjxyqxbj817,0.856,0.003,稳健
pjxyqxbj818,0.02,0.001,精英
pjxyqxbj823,0.017,-0.006,精英
pjxyqxbj827,0.685,0.005,规范
pjxyqxbj828,0.879,0.066,规范
pjxyqxbj829,0.02,0.006,精英
pjxyqxbj830,0.022,-0.007,精英
pjxyqxbj831,0.021,-0.004,精英
pjxyqxbj832,0.022,0.006,精英
pjxyqxbj834,0.675,-0.081,规范
pjxyqxbj835,0.141,0.002,精英
pjxyqxbj838,0.687,-0.051,规范
pjxyqxbj840,0.987,0.069,自律
pjxyqxbj841,0.991,0.069,稳健
pjxyqxbj846,0.845,-0.122,稳健
pjxyqxbj848,0.992,0.074,稳健
pjxyqxbj851,0.858,-0.082,稳健
pjxyqxbj853,0.668,-0.066,规范
pjxyqxbj854,0.845,-0.009,稳健
pjxyqxbj857,0.135,-0.025,精英
pjxyqxbj858,0.85,-0.088,稳健
pjxyqxbj861,0.844,-0.084,稳健
pjxyqxbj862,0.022,0.004,精英
pjxyqxbj864,0.84,-0.094,稳健
pjxyqxbj866,0.852,-0.091,稳健
pjxyqxbj867,0.842,0.002,稳健
pjxyqxbj868,0.851,-0.077,稳健
pjxyqxbj869,0.849,-0.119,稳健
pjxyqxbj871,0.133,-0.015,精英
pjxyqxbj872,0.965,0.06,稳健
pjxyqxbj876,0.01,-0.004,精英
pjxyqxbj879,0.031,0.008,精英
pjxyqxbj884,0.849,-0.136,稳健
pjxyqxbj885,0.687,0.008,规范
pjxyqxbj888,0.869,0.004,稳健
pjxyqxbj889,0.668,-0.018,规范
pjxyqxbj893,0.848,-0.048,稳健
pjxyqxbj895,0.977,0.062,稳健
pjxyqxbj896,0.844,-0.111,稳健
pjxyqxbj897,0.85,-0.032,稳健
pjxyqxbj898,0.007,-0.009,精英
pjxyqxbj903,0.844,-0.001,稳健
pjxyqxbj905,0.725,0.025,规范
pjxyqxbj907,0.844,-0.102,稳健
pjxyqxbj909,0.025,-0.005,精英
pjxyqxbj910,0.007,-0.002,精英
pjxyqxbj911,0.983,0.116,规范
pjxyqxbj914,0.844,-0.102,稳健
pjxyqxbj915,0.014,0.003,精英
pjxyqxbj918,0.038,0.011,精英
pjxyqxbj919,0.838,-0.046,稳健
pjxyqxbj921,0.761,-0.015,规范
pjxyqxbj922,0.845,-0.092,稳健
pjxyqxbj927,1.0,0.117,稳健
pjxyqxbj928,0.676,-0.054,规范
pjxyqxbj929,0.863,0.095,规范
pjxyqxbj932,0.0,-0.006,精英
pjxyqxbj933,0.019,-0.007,精英
pjxyqxbj935,0.851,-0.056,稳健
pjxyqxbj940,0.016,-0.01,精英
pjxyqxbj945,0.847,0.085,规范
pjxyqxbj947,0.022,0.0,精英
pjxyqxbj948,0.952,0.051,稳健
pjxyqxbj949,0.855,0.094,规范
pjxyqxbj950,0.011,-0.009,精英
pjxyqxbj952,0.838,-0.111,稳健
pjxyqxbj953,0.047,0.011,精英
pjxyqxbj954,0.02,0.002,精英
pjxyqxbj955,0.845,-0.092,稳健
pjxyqxbj957,0.013,-0.004,精英
pjxyqxbj961,0.701,0.066,自律
pjxyqxbj964,0.673,-0.113,规范
pjxyqxbj967,0.795,-0.1,规范
pjxyqxbj968,0.007,-0.001,精英
pjxyqxbj969,0.674,-0.082,规范
pjxyqxbj972,0.014,-0.003,精英
pjxyqxbj973,0.845,-0.097,稳健
pjxyqxbj978,0.947,0.048,稳健
pjxyqxbj979,0.022,0.003,精英
pjxyqxbj980,0.13,-0.016,精英
pjxyqxbj981,0.846,-0.075,稳健
pjxyqxbj984,0.883,0.095,规范
pjxyqxbj985,0.868,0.011,稳健
pjxyqxbj987,0.662,-0.054,规范
pjxyqxbj989,0.013,-0.001,精英
pjxyqxbj991,0.031,0.009,精英
pjxyqxbj993,0.016,-0.01,精英
pjxyqxbj995,0.14,-0.024,精英
pjxyqxbk000,0.709,0.07,自律
pjxyqxbk005,0.015,-0.007,精英
pjxyqxbk007,0.015,0.0,精英
pjxyqxbk011,0.016,-0.006,精英
pjxyqxbk013,0.021,0.007,精英
pjxyqxbk015,0.011,-0.003,精英
pjxyqxbk019,1.0,0.134,稳健
pjxyqxbk021,0.022,0.003,精英
pjxyqxbk022,0.015,-0.001,精英
pjxyqxbk023,0.006,-0.001,精英
pjxyqxbk024,0.851,-0.076,稳健
pjxyqxbk025,0.029,-0.008,精英
pjxyqxbk027,0.022,0.005,精英
pjxyqxbk031,0.141,-0.029,精英
pjxyqxbk032,0.008,-0.0,精英
pjxyqxbk035,0.021,-0.006,精英
pjxyqxbk036,0.029,0.008,精英
pjxyqxbk039,0.017,-0.0,精英
pjxyqxbk042,0.167,0.014,精英
pjxyqxbk043,0.181,0.023,精英
pjxyqxbk046,0.867,-0.102,稳健
pjxyqxbk047,0.004,0.001,精英
pjxyqxbk048,0.024,-0.004,精英
pjxyqxbk052,0.014,0.004,精英
pjxyqxbk053,0.018,-0.011,精英
pjxyqxbk059,0.012,-0.002,精英
pjxyqxbk063,0.135,-0.005,精英
pjxyqxbk064,0.009,0.0,精英
pjxyqxbk065,0.016,-0.007,精英
pjxyqxbk066,0.003,-0.001,精英
pjxyqxbk067,0.024,-0.009,精英
pjxyqxbk068,0.021,0.004,精英
pjxyqxbk070,0.012,-0.003,精英
pjxyqxbk072,0.054,0.01,精英
pjxyqxbk074,0.734,0.082,自律
pjxyqxbk075,0.004,0.0,精英
pjxyqxbk076,0.958,0.055,稳健
pjxyqxbk079,0.012,-0.001,精英
pjxyqxbk080,0.208,0.019,精英
pjxyqxbk081,0.132,-0.026,精英
pjxyqxbk086,0.163,0.011,精英
pjxyqxbk090,0.849,-0.054,稳健
pjxyqxbk094,0.146,-0.013,精英
pjxyqxbk095,0.85,-0.004,稳健
pjxyqxbk097,0.022,-0.007,精英
pjxyqxbk098,0.019,0.002,精英
pjxyqxbk100,0.57,-0.098,自律
pjxyqxbk101,0.017,0.001,精英
pjxyqxbk105,0.168,0.001,精英
pjxyqxbk107,0.188,0.027,精英
pjxyqxbk115,0.008,-0.006,精英
pjxyqxbk116,0.036,0.01,精英
pjxyqxbk121,0.141,0.002,精英
pjxyqxbk125,1.0,0.122,自律
pjxyqxbk131,0.02,0.008,精英
pjxyqxbk135,0.011,0.003,精英
pjxyqxbk137,0.953,0.051,稳健
pjxyqxbk138,0.134,-0.027,精英
pjxyqxbk140,0.144,-0.012,精英
pjxyqxbk144,0.03,0.009,精英
pjxyqxbk147,0.909,0.029,稳健
pjxyqxbk148,0.014,-0.008,精英
pjxyqxbk149,0.011,0.004,精英
pjxyqxbk150,0.027,0.007,精英
pjxyqxbk151,0.005,-0.006,精英
pjxyqxbk154,0.212,0.022,精英
pjxyqxbk155,0.03,0.005,精英
pjxyqxbk158,0.002,-0.004,精英
pjxyqxbk159,0.02,-0.002,精英
pjxyqxbk160,0.036,0.011,精英
pjxyqxbk162,1.0,0.105,稳健
pjxyqxbk163,0.016,0.006,精英
pjxyqxbk165,0.911,0.031,稳健
pjxyqxbk166,0.134,-0.016,精英
pjxyqxbk167,0.033,0.007,精英
pjxyqxbk168,0.014,-0.001,精英
pjxyqxbk171,0.023,0.002,精英
pjxyqxbk180,0.862,-0.067,稳健
pjxyqxbk182,0.851,-0.002,稳健
pjxyqxbk183,0.851,-0.011,稳健
pjxyqxbk185,0.014,-0.006,精英
pjxyqxbk190,0.14,0.002,精英
pjxyqxbk194,0.016,0.0,精英
pjxyqxbk195,0.014,-0.008,精英
pjxyqxbk198,0.134,-0.025,精英
pjxyqxbk199,0.185,0.015,精英
pjxyqxbk201,0.015,-0.003,精英
pjxyqxbk204,0.57,-0.03,自律
pjxyqxbk208,0.19,0.029,精英
pjxyqxbk209,0.013,-0.003,精英
pjxyqxbk210,0.174,0.022,精英
pjxyqxbk211,0.861,-0.143,稳健
pjxyqxbk217,0.139,-0.002,精英
pjxyqxbk218,1.0,0.137,稳健
pjxyqxbk220,0.011,-0.002,精英
pjxyqxbk222,0.129,-0.02,精英
pjxyqxbk224,0.009,-0.001,精英
pjxyqxbk228,0.025,0.005,精英
pjxyqxbk230,0.024,0.006,精英
pjxyqxbk231,0.023,0.004,精英
pjxyqxbk232,0.029,0.009,精英
pjxyqxbk236,0.849,-0.028,稳健
pjxyqxbk239,0.035,0.005,精英
pjxyqxbk242,0.859,-0.14,稳健
pjxyqxbk243,0.859,-0.012,稳健
pjxyqxbk246,0.022,0.003,精英
pjxyqxbk253,0.01,-0.002,精英
pjxyqxbk257,0.014,0.001,精英
pjxyqxbk261,0.009,-0.006,精英
pjxyqxbk262,0.01,-0.004,精英
pjxyqxbk263,0.85,-0.118,稳健
pjxyqxbk264,0.85,-0.015,稳健
pjxyqxbk268,0.57,-0.008,自律
pjxyqxbk269,0.012,-0.009,精英
pjxyqxbk272,0.015,-0.003,精英
pjxyqxbk273,0.044,0.007,精英
pjxyqxbk276,0.013,-0.003,精英
pjxyqxbk277,0.194,-0.007,精英
pjxyqxbk281,1.0,0.141,稳健
pjxyqxbk286,1.0,0.116,稳健
pjxyqxbk287,0.022,0.008,精英
pjxyqxbk290,0.005,-0.002,精英
pjxyqxbk294,0.064,-0.018,精英
pjxyqxbk295,0.017,-0.008,精英
pjxyqxbk297,0.013,0.001,精英
pjxyqxbk298,0.625,0.028,自律
pjxyqxbk300,0.007,-0.004,精英
pjxyqxbk302,0.027,0.008,精英
pjxyqxbk304,0.019,-0.004,精英
pjxyqxbk305,0.899,0.024,稳健
pjxyqxbk307,0.851,-0.008,稳健
pjxyqxbk314,0.03,0.006,精英
pjxyqxbk316,0.025,0.002,精英
pjxyqxbk317,0.012,-0.003,精英
pjxyqxbk318,0.008,-0.002,精英
pjxyqxbk319,0.85,-0.108,稳健
pjxyqxbk325,0.869,0.005,稳健
pjxyqxbk328,0.852,-0.133,稳健
pjxyqxbk329,0.006,-0.006,精英
pjxyqxbk330,0.137,-0.026,精英
pjxyqxbk331,0.033,0.008,精英
pjxyqxbk334,0.012,-0.005,精英
pjxyqxbk335,0.85,-0.044,稳健
pjxyqxbk336,0.851,-0.099,稳健
pjxyqxbk338,0.022,0.003,精英
pjxyqxbk339,0.925,0.037,稳健
pjxyqxbk341,0.002,-0.004,精英
pjxyqxbk342,0.757,0.094,自律
pjxyqxbk343,0.181,0.011,精英
pjxyqxbk346,0.246,0.027,精英
pjxyqxbk349,0.023,0.008,精英
pjxyqxbk350,0.015,-0.002,精英
pjxyqxbk351,0.195,0.029,精英
pjxyqxbk354,0.011,0.001,精英
pjxyqxbk358,0.864,0.006,稳健
pjxyqxbk364,0.172,0.018,精英
pjxyqxbk368,1.0,0.104,稳健
pjxyqxbk369,0.026,0.009,精英
pjxyqxbk370,0.027,0.005,精英
pjxyqxbk373,1.0,0.105,自律
pjxyqxbk375,0.851,-0.035,稳健
pjxyqxbk377,0.009,-0.003,精英
pjxyqxbk378,0.133,-0.007,精英
pjxyqxbk382,0.842,-0.05,稳健
pjxyqxbk388,0.021,-0.004,精英
pjxyqxbk389,0.033,0.008,精英
pjxyqxbk391,0.022,-0.002,精英
pjxyqxbk398,0.85,-0.141,稳健
pjxyqxbk399,0.016,-0.005,精英
pjxyqxbk401,0.85,-0.029,自律
pjxyqxbk402,0.851,-0.097,稳健
pjxyqxbk403,0.03,0.008,精英
pjxyqxbk411,0.166,0.003,精英
pjxyqxbk414,0.029,0.004,精英
pjxyqxbk415,1.0,0.084,稳健
pjxyqxbk419,0.126,-0.003,精英
pjxyqxbk426,0.014,-0.006,精英
pjxyqxbk428,1.0,0.136,稳健
pjxyqxbk429,1.0,0.13,稳健
pjxyqxbk434,0.142,0.005,精英
pjxyqxbk437,0.57,-0.053,自律
pjxyqxbk442,0.724,0.077,自律
pjxyqxbk444,0.852,-0.049,稳健
pjxyqxbk445,0.848,-0.012,稳健
pjxyqxbk446,0.277,0.038,精英
pjxyqxbk448,0.015,0.001,精英
pjxyqxbk452,0.91,0.03,稳健
pjxyqxbk454,0.023,-0.008,精英
pjxyqxbk457,0.016,-0.005,精英
pjxyqxbk458,0.011,-0.007,精英
pjxyqxbk460,0.143,0.003,精英
pjxyqxbk464,0.013,-0.001,精英
pjxyqxbk468,0.61,0.02,自律
pjxyqxbk469,0.034,0.01,精英
pjxyqxbk470,0.136,-0.021,精英
pjxyqxbk472,0.715,0.073,自律
pjxyqxbk474,1.0,0.139,稳健
pjxyqxbk477,0.053,0.002,精英
pjxyqxbk479,0.851,-0.078,稳健
pjxyqxbk481,1.0,0.133,稳健
pjxyqxbk484,1.0,0.126,稳健
pjxyqxbk486,0.156,0.009,精英
pjxyqxbk489,0.016,-0.01,精英
pjxyqxbk491,0.01,-0.007,精英
pjxyqxbk495,0.209,-0.033,精英
pjxyqxbk497,0.01,-0.01,精英
pjxyqxbk500,0.136,-0.023,精英
pjxyqxbk501,0.928,0.03,稳健
pjxyqxbk503,1.0,0.123,稳健
pjxyqxbk505,0.85,-0.065,稳健
pjxyqxbk506,0.013,-0.005,精英
pjxyqxbk513,0.88,0.015,稳健
pjxyqxbk516,0.029,0.008,精英
pjxyqxbk519,0.023,0.007,精英
pjxyqxbk520,0.019,-0.007,精英
pjxyqxbk521,0.85,-0.047,稳健
pjxyqxbk522,0.008,-0.003,精英
pjxyqxbk524,0.017,-0.004,精英
pjxyqxbk525,0.028,0.007,精英
pjxyqxbk527,0.849,-0.135,稳健
pjxyqxbk528,0.858,-0.001,稳健
pjxyqxbk530,0.034,0.008,精英
pjxyqxbk531,0.046,0.009,精英
pjxyqxbk533,1.0,0.131,稳健
pjxyqxbk534,0.979,0.065,稳健
pjxyqxbk535,0.013,0.001,精英
pjxyqxbk537,0.005,0.0,精英
pjxyqxbk539,0.017,0.006,精英
pjxyqxbk543,0.85,-0.102,稳健
pjxyqxbk546,0.014,0.001,精英
pjxyqxbk547,0.844,-0.04,稳健
pjxyqxbk549,0.017,0.002,精英
pjxyqxbk551,0.85,-0.108,稳健
pjxyqxbk552,0.033,0.006,精英
pjxyqxbk553,0.991,0.066,稳健
pjxyqxbk555,0.251,0.015,精英
pjxyqxbk556,0.026,-0.01,精英
pjxyqxbk562,0.85,-0.035,稳健
pjxyqxbk565,0.018,0.001,精英
pjxyqxbk566,0.031,-0.007,精英
pjxyqxbk567,0.009,-0.0,精英
pjxyqxbk571,0.017,-0.006,精英
pjxyqxbk572,0.033,0.01,精英
pjxyqxbk573,0.024,-0.0,精英
pjxyqxbk578,0.857,-0.03,稳健
pjxyqxbk579,1.0,0.094,自律
pjxyqxbk581,0.179,0.025,精英
pjxyqxbk582,0.188,-0.03,精英
pjxyqxbk583,0.012,-0.005,精英
pjxyqxbk590,0.019,-0.006,精英
pjxyqxbk592,0.015,-0.004,精英
pjxyqxbk594,0.015,0.002,精英
pjxyqxbk595,0.038,0.009,精英
pjxyqxbk596,0.027,0.005,精英
pjxyqxbk597,0.03,-0.006,精英
pjxyqxbk598,0.011,-0.006,精英
pjxyqxbk601,0.026,0.006,精英
pjxyqxbk603,0.945,0.039,稳健
pjxyqxbk604,0.848,-0.038,稳健
pjxyqxbk606,0.016,-0.008,精英
pjxyqxbk609,0.015,0.0,精英
pjxyqxbk610,0.85,-0.027,稳健
pjxyqxbk611,0.015,0.001,精英
pjxyqxbk613,0.013,-0.009,精英
pjxyqxbk614,0.137,-0.01,精英
pjxyqxbk615,1.0,0.102,稳健
pjxyqxbk621,0.199,0.029,精英
pjxyqxbk625,0.849,-0.042,稳健
pjxyqxbk626,0.137,-0.003,精英
pjxyqxbk627,0.019,-0.006,精英
pjxyqxbk629,0.842,-0.128,稳健
pjxyqxbk630,0.012,-0.001,精英
pjxyqxbk631,0.137,-0.017,精英
pjxyqxbk632,0.012,-0.003,精英
pjxyqxbk633,0.015,-0.008,精英
pjxyqxbk634,0.016,0.005,精英
pjxyqxbk637,0.014,-0.008,精英
pjxyqxbk640,0.031,0.006,精英
pjxyqxbk642,0.858,-0.137,稳健
pjxyqxbk643,0.04,0.01,精英
pjxyqxbk644,0.022,0.004,精英
pjxyqxbk647,0.016,-0.003,精英
pjxyqxbk649,0.849,-0.129,稳健
pjxyqxbk655,0.849,-0.013,稳健
pjxyqxbk656,0.023,-0.003,精英
pjxyqxbk657,0.135,-0.011,精英
pjxyqxbk661,0.152,0.012,精英
pjxyqxbk662,0.017,0.004,精英
pjxyqxbk663,0.007,-0.006,精英
pjxyqxbk665,0.859,-0.07,稳健
pjxyqxbk667,0.139,0.003,精英
pjxyqxbk669,0.019,-0.003,精英
pjxyqxbk674,0.838,-0.136,稳健
pjxyqxbk676,0.87,0.006,稳健
pjxyqxbk677,0.849,-0.004,稳健
pjxyqxbk679,0.023,0.008,精英
pjxyqxbk680,0.02,-0.0,精英
pjxyqxbk681,1.0,0.125,稳健
pjxyqxbk682,0.977,0.058,稳健
pjxyqxbk683,0.899,0.025,稳健
pjxyqxbk684,0.009,-0.007,精英
pjxyqxbk685,0.714,0.072,自律
pjxyqxbk686,1.0,0.102,稳健
pjxyqxbk695,0.185,0.024,精英
pjxyqxbk697,0.018,0.006,精英
pjxyqxbk700,0.02,-0.004,精英
pjxyqxbk703,0.016,-0.01,精英
pjxyqxbk705,0.032,0.001,精英
pjxyqxbk706,0.006,-0.009,精英
pjxyqxbk710,0.876,-0.088,稳健
pjxyqxbk713,0.19,0.026,精英
pjxyqxbk715,0.85,-0.076,稳健
pjxyqxbk717,0.033,0.005,精英
pjxyqxbk718,0.014,0.001,精英
pjxyqxbk720,0.043,0.009,精英
pjxyqxbk722,0.741,0.086,自律
pjxyqxbk723,0.944,0.041,自律
pjxyqxbk728,0.009,-0.003,精英
pjxyqxbk731,0.85,-0.068,稳健
pjxyqxbk732,0.165,-0.024,精英
pjxyqxbk733,0.57,-0.018,自律
pjxyqxbk737,0.026,0.009,精英
pjxyqxbk742,0.02,0.004,精英
pjxyqxbk743,0.01,-0.007,精英
pjxyqxbk745,0.57,-0.091,自律
pjxyqxbk746,0.676,0.053,自律
pjxyqxbk748,0.188,0.023,精英
pjxyqxbk751,0.017,0.003,精英
pjxyqxbk753,0.017,0.005,精英
pjxyqxbk755,0.039,0.009,精英
pjxyqxbk757,0.041,0.009,精英
pjxyqxbk759,0.024,-0.007,精英
pjxyqxbk760,0.016,-0.004,精英
pjxyqxbk764,0.156,0.007,精英
pjxyqxbk765,0.018,-0.004,精英
pjxyqxbk767,0.017,-0.005,精英
pjxyqxbk772,0.195,-0.002,精英
pjxyqxbk775,0.011,-0.005,精英
pjxyqxbk777,0.015,0.003,精英
pjxyqxbk778,0.01,-0.004,精英
pjxyqxbk779,0.029,0.006,精英
pjxyqxbk780,0.012,-0.005,精英
pjxyqxbk782,0.035,0.006,精英
pjxyqxbk783,0.016,-0.008,精英
pjxyqxbk787,0.023,0.003,精英
pjxyqxbk788,0.013,-0.01,精英
pjxyqxbk789,0.126,-0.018,精英
pjxyqxbk791,0.949,0.045,稳健
pjxyqxbk792,0.019,-0.007,精英
pjxyqxbk794,0.859,-0.11,稳健
pjxyqxbk795,1.0,0.11,稳健
pjxyqxbk797,0.889,0.019,稳健
pjxyqxbk798,0.912,0.027,稳健
pjxyqxbk799,0.848,-0.067,稳健
pjxyqxbk801,0.025,0.007,精英
pjxyqxbk803,0.934,0.037,稳健
pjxyqxbk804,0.007,-0.007,精英
pjxyqxbk807,0.006,-0.001,精英
pjxyqxbk810,0.14,-0.005,精英
pjxyqxbk811,0.19,0.025,精英
pjxyqxbk812,0.003,-0.008,精英
pjxyqxbk813,0.018,-0.004,精英
pjxyqxbk816,0.858,-0.108,稳健
pjxyqxbk820,0.02,0.002,精英
pjxyqxbk822,0.028,0.009,精英
pjxyqxbk823,0.027,-0.011,精英
pjxyqxbk825,1.0,0.126,稳健
pjxyqxbk826,0.016,-0.006,精英
pjxyqxbk827,0.875,0.008,稳健
pjxyqxbk828,0.013,-0.009,精英
pjxyqxbk835,0.021,0.007,精英
pjxyqxbk836,0.953,0.052,稳健
pjxyqxbk839,0.649,0.04,自律
pjxyqxbk840,0.144,0.0,精英
pjxyqxbk841,0.935,0.043,稳健
pjxyqxbk843,0.196,0.026,精英
pjxyqxbk844,1.0,0.14,稳健
pjxyqxbk846,0.007,-0.004,精英
pjxyqxbk847,0.008,-0.006,精英
pjxyqxbk848,0.85,-0.066,稳健
pjxyqxbk852,0.951,0.055,稳健
pjxyqxbk853,0.031,-0.007,精英
pjxyqxbk854,0.57,-0.015,自律
pjxyqxbk855,0.023,0.002,精英
pjxyqxbk861,0.023,-0.002,精英
pjxyqxbk863,0.86,-0.142,稳健
pjxyqxbk865,0.959,0.056,稳健
pjxyqxbk867,0.851,-0.024,稳健
pjxyqxbk868,0.018,-0.003,精英
pjxyqxbk869,0.861,-0.029,稳健
pjxyqxbk872,0.02,0.007,精英
pjxyqxbk873,0.193,-0.028,精英
pjxyqxbk878,0.009,-0.002,精英
pjxyqxbk880,0.834,-0.026,稳健
pjxyqxbk882,0.016,0.002,精英
pjxyqxbk885,0.019,0.002,精英
pjxyqxbk889,0.141,-0.024,精英
pjxyqxbk894,0.913,-0.119,自律
pjxyqxbk895,0.02,-0.003,精英
pjxyqxbk898,0.008,-0.005,精英
pjxyqxbk899,0.015,-0.005,精英
pjxyqxbk900,0.012,-0.003,精英
pjxyqxbk902,0.851,-0.008,稳健
pjxyqxbk903,0.138,-0.002,精英
pjxyqxbk905,0.959,0.059,稳健
pjxyqxbk907,0.916,0.033,稳健
pjxyqxbk908,0.848,-0.031,稳健
pjxyqxbk909,0.043,0.007,精英
pjxyqxbk910,0.005,-0.007,精英
pjxyqxbk911,1.0,0.138,稳健
pjxyqxbk915,0.027,0.004,精英
pjxyqxbk916,0.853,-0.025,自律
pjxyqxbk918,0.906,-0.088,自律
pjxyqxbk923,0.018,0.003,精英
pjxyqxbk926,0.135,-0.029,精英
pjxyqxbk927,0.012,-0.005,精英
pjxyqxbk929,0.975,0.065,稳健
pjxyqxbk934,0.016,-0.008,精英
pjxyqxbk935,1.0,0.085,稳健
pjxyqxbk936,0.984,0.062,稳健
pjxyqxbk937,0.017,-0.001,精英
pjxyqxbk939,0.027,0.009,精英
pjxyqxbk941,0.876,-0.133,稳健
pjxyqxbk943,0.018,-0.009,精英
pjxyqxbk945,0.004,-0.005,精英
pjxyqxbk947,1.0,0.13,稳健
pjxyqxbk950,0.008,-0.003,精英
pjxyqxbk951,0.934,0.038,稳健
pjxyqxbk953,0.011,-0.007,精英
pjxyqxbk954,0.983,0.066,稳健
pjxyqxbk957,0.912,0.027,稳健
pjxyqxbk958,0.187,0.02,精英
pjxyqxbk961,0.852,-0.128,稳健
pjxyqxbk962,0.009,-0.004,精英
pjxyqxbk965,0.859,-0.056,稳健
pjxyqxbk969,0.012,0.002,精英
pjxyqxbk971,0.022,-0.002,精英
pjxyqxbk974,0.139,-0.006,精英
pjxyqxbk978,0.026,0.009,精英
pjxyqxbk980,1.0,0.122,稳健
pjxyqxbk981,0.049,0.004,精英
pjxyqxbk987,0.016,-0.007,精英
pjxyqxbk991,1.0,0.119,稳健
pjxyqxbk992,0.017,-0.008,精英
pjxyqxbk993,0.141,-0.004,精英
pjxyqxbk995,0.151,-0.028,精英
pjxyqxbk997,0.026,0.006,精英
pjxyqxbl673,0.014,-0.001,精英
pjxyqxbl677,0.041,0.005,精英
pjxyqxbl678,0.202,0.03,精英
pjxyqxbl684,0.013,-0.01,精英
pjxyqxbl686,0.012,-0.009,精英
pjxyqxbl687,0.854,-0.065,稳健
pjxyqxbl688,0.964,0.034,自律
pjxyqxbl699,0.027,0.007,精英
pjxyqxbl701,0.017,0.003,精英
pjxyqxbl703,0.036,0.005,精英
pjxyqxbl704,0.996,0.073,稳健
pjxyqxbl708,0.138,-0.022,精英
pjxyqxbl709,0.036,-0.004,精英
pjxyqxbl710,0.025,0.005,精英
pjxyqxbl712,0.911,-0.073,自律
pjxyqxbl713,0.187,0.027,精英
pjxyqxbl714,0.022,-0.007,精英
pjxyqxbl716,0.039,0.011,精英
pjxyqxbl717,1.0,0.137,稳健
pjxyqxbl723,0.927,0.013,自律
pjxyqxbl724,0.852,-0.084,稳健
pjxyqxbl727,0.008,-0.009,精英
pjxyqxbl730,0.985,0.07,稳健
pjxyqxbl731,0.673,-0.054,规范
pjxyqxbl735,0.66,-0.052,规范
pjxyqxbl736,0.187,0.02,精英
pjxyqxbl737,0.968,0.062,稳健
pjxyqxbl738,0.031,0.009,精英
pjxyqxbl739,0.745,-0.084,规范
pjxyqxbl742,0.014,-0.008,精英
pjxyqxbl743,1.0,0.122,稳健
pjxyqxbl745,0.015,0.005,精英
pjxyqxbl746,0.134,-0.007,精英
pjxyqxbl747,0.01,-0.005,精英
pjxyqxbl750,0.844,-0.128,稳健
pjxyqxbl751,1.0,0.072,稳健
pjxyqxbl752,0.873,0.069,规范
pjxyqxbl753,0.843,-0.028,稳健
pjxyqxbl755,1.0,0.111,规范
pjxyqxbl757,0.141,0.005,精英
pjxyqxbl758,0.139,-0.007,精英
pjxyqxbl759,0.015,-0.006,精英
pjxyqxbl763,0.244,0.027,精英
pjxyqxbl765,0.664,-0.027,规范
pjxyqxbl766,0.044,0.011,精英
pjxyqxbl767,0.739,0.04,规范
pjxyqxbl768,0.014,-0.007,精英
pjxyqxbl769,0.834,0.085,规范
pjxyqxbl774,0.77,0.05,规范
pjxyqxbl779,0.041,0.011,精英
pjxyqxbl780,0.161,-0.016,精英
pjxyqxbl781,0.01,-0.008,精英
pjxyqxbl789,0.669,-0.071,规范
pjxyqxbl793,0.656,-0.01,规范
pjxyqxbl794,0.002,-0.0,精英
pjxyqxbl796,0.659,-0.052,规范
pjxyqxbl797,0.95,0.05,稳健
pjxyqxbl804,0.801,0.071,规范
pjxyqxbl806,0.022,0.001,精英
pjxyqxbl807,0.726,-0.008,规范
pjxyqxbl808,1.0,0.087,稳健
pjxyqxbl810,0.147,0.003,精英
pjxyqxbl812,0.57,-0.063,自律
pjxyqxbl815,0.667,-0.025,规范
pjxyqxbl816,0.186,0.027,精英
pjxyqxbl817,0.674,-0.095,规范
pjxyqxbl821,0.023,0.007,精英
pjxyqxbl825,0.018,-0.005,精英
pjxyqxbl826,0.741,-0.025,规范
pjxyqxbl827,0.8,0.067,规范
pjxyqxbl828,0.823,0.082,规范
pjxyqxbl830,0.014,-0.008,精英
pjxyqxbl836,0.022,-0.001,精英
pjxyqxbl837,0.003,-0.009,精英
pjxyqxbl839,0.014,-0.007,精英
pjxyqxbl843,0.666,-0.103,规范
pjxyqxbl847,0.658,-0.009,规范
pjxyqxbl854,0.027,0.003,精英
pjxyqxbl857,0.8,0.071,规范
pjxyqxbl858,0.197,-0.034,精英
pjxyqxbl866,0.203,0.019,精英
pjxyqxbl867,0.011,0.003,精英
pjxyqxbl869,0.674,-0.068,规范
pjxyqxbl872,0.724,-0.094,规范
pjxyqxbl874,0.86,0.097,规范
pjxyqxbl876,0.226,-0.032,精英
pjxyqxbl878,0.829,0.083,规范
pjxyqxbl879,0.88,0.111,规范
pjxyqxbl884,0.744,-0.069,规范
pjxyqxbl886,0.018,-0.005,精英
pjxyqxbl889,0.702,0.021,规范
pjxyqxbl891,0.719,0.002,规范
pjxyqxbl893,0.657,-0.004,规范
pjxyqxbl895,0.022,0.004,精英
pjxyqxbl896,0.163,-0.021,精英
pjxyqxbl900,0.729,-0.084,规范
pjxyqxbl904,0.047,0.012,精英
pjxyqxbl905,0.144,-0.016,精英
pjxyqxbl906,0.038,0.006,精英
pjxyqxbl907,0.032,0.006,精英
pjxyqxbl910,0.019,-0.004,精英
pjxyqxbl911,0.024,0.006,精英
pjxyqxbl912,0.031,0.006,精英
pjxyqxbl913,0.016,0.0,精英
pjxyqxbl916,0.017,-0.009,精英
pjxyqxbl918,0.878,0.111,规范
pjxyqxbl919,0.771,0.061,规范
pjxyqxbl921,0.787,0.06,规范
pjxyqxbl925,0.169,0.015,精英
pjxyqxbl927,0.846,-0.013,稳健
pjxyqxbl929,0.135,-0.02,精英
pjxyqxbl930,0.026,0.007,精英
pjxyqxbl931,0.033,0.006,精英
pjxyqxbl934,0.007,-0.005,精英
pjxyqxbl937,0.653,-0.053,规范
pjxyqxbl939,0.191,-0.002,精英
pjxyqxbl943,0.887,0.094,规范
pjxyqxbl945,0.88,0.068,规范
pjxyqxbl946,0.014,0.004,精英
pjxyqxbl950,0.995,0.08,稳健
pjxyqxbl952,0.142,-0.016,精英
pjxyqxbl953,0.646,-0.055,规范
pjxyqxbl954,0.667,0.013,规范
pjxyqxbl955,0.804,0.029,规范
pjxyqxbl957,0.135,-0.007,精英
pjxyqxbl962,0.633,-0.029,规范
pjxyqxbl963,0.008,-0.002,精英
pjxyqxbl964,0.008,-0.006,精英
pjxyqxbl965,0.804,0.066,规范
pjxyqxbl966,0.028,0.007,精英
pjxyqxbl969,0.03,0.007,精英
pjxyqxbl970,0.755,0.063,规范
pjxyqxbl975,0.015,-0.005,精英
pjxyqxbl980,0.024,-0.003,精英
pjxyqxbl982,0.173,0.02,精英
pjxyqxbl984,0.024,0.006,精英
pjxyqxbl985,0.005,-0.007,精英
pjxyqxbl987,0.189,0.026,精英
pjxyqxbl988,0.006,-0.001,精英
pjxyqxbl989,0.669,-0.014,规范
pjxyqxbl990,0.015,-0.001,精英
pjxyqxbl991,0.031,0.002,精英
pjxyqxbl992,0.76,0.046,规范
pjxyqxbl993,0.018,-0.008,精英
pjxyqxbl996,0.031,0.009,精英
pjxyqxbl999,0.012,-0.009,精英
